Link,Title,Company,Location,Summary,Salary
https://kr.indeed.com/jobs?q=go&vjk=106a990b2619a8d0,Account Manager (6-Month Contract),Dow Jones,서울,"current employee at Dow Jones, do not apply here. Please go... Career section on your Workday homepage and view ""Find...",
https://kr.indeed.com/jobs?q=go&vjk=d49424e24863a852,"Principal, Machine Learning Engineer, Te...",Coupang,서울,set and would like to explore new territory of technology and go deep on domain knowledge Ability to think outside-the-box...,
https://kr.indeed.com/jobs?q=go&vjk=7b6fe5f57be08c95,"Solution Architect for Cloud and Media,...",Success Korea,서울 강남구,"objectives. - Open, winning and go-getter attitude, organized and structured, an... Open, winning and go-getter attitude...",
https://kr.indeed.com/jobs?q=go&vjk=83d96d5f6f820e5a,Kindergarten Teacher Needed Shorter Work...,Danbi English,경기도,copy of your university diploma with apostille READY TO GO Couples are free to apply! F-series Visa Holders We only accept...,
https://kr.indeed.com/jobs?q=go&vjk=06536e77c7eb65c0,Kindy-Elementary Teacher,POLY Pohang,경상북도 포항,diploma apostilled... nationwide criminal background check READY TO GO 3. Visa Sponsorships We sponsor E-2 visas. 4...,
https://kr.indeed.com/jobs?q=go&vjk=2c591578f96b5817,Senior Marketing Specialist,Success Korea,서울,"strategies including product portfolio, positioning, pricing and go-to-market strategies ? Conduct new product launch...",
https://kr.indeed.com/jobs?q=go&vjk=185a8c72cefbf3c0,Sr. Marketing Manager,Success Korea,서울 강남구,e-marketing * Tactical marketing mixes to maximize the go to market... region * Meeting strategy ? trade shows...,
https://kr.indeed.com/jobs?q=go&vjk=dd88e5b0ad34d8ad,Inside Sales Senior Representative,Success Korea,서울,having successful experience in multi channel go to market models - Knowledge... multi channel go to market models...,
https://kr.indeed.com/jobs?q=go&vjk=264c652c5a494bda,"Account Executive, Enterprise Sales(Manu...",Salesforce,서울,"existing accounts. Territory identification and research, go to market territory strategy and create qualified target account...",
https://kr.indeed.com/jobs?q=go&vjk=3da2537c07ea7706,Platform server 개발자,Success Korea,성남 분당구,"Java / scala (이외 C++, Go, Python 등)를 이용한... 첨부 파일 사용) 자격요건 -Java / scala (이외 C++, Go, Python 등)를 이용한 서버 개발 경력 3년 이상이신 분 -오픈소스...",
https://kr.indeed.com/jobs?q=go&vjk=6cb9a1d1cc495154,Wholesale Merchandise Manager,Success Korea,서울,utilizing the accurate demand planning and supply planning. Go-To-Market (GTM) Vision: - Support the design of Global...,
https://kr.indeed.com/jobs?q=go&vjk=2d3b46ae216a36ef,Enterprise Account Executive (APAC),MongoDB,서울,"also in our sales go-to-market strategy... how we can continue to "" Think Big and Go Far... crucial part... Sales...",
https://kr.indeed.com/jobs?q=go&vjk=94886c04031c7a4b,Field Marketing Manager,Success Korea,서울,"솔루션 및 컨설팅 비즈니스에 대한, Go-To-Market Planning... 제품 마케팅 및 GTM 경험자 -Industry Knowledge -“ Go-To-Market” planning and execution which...",
https://kr.indeed.com/jobs?q=go&vjk=3d594f8990d3a797,Cloud System Engineer,Success Korea,서울,"CD 구축 및 운영 경험자 우대사항 : - e커머스 서비스 운영 경험자 - 스크립팅 가능자 (Python, Go, Shellscript) - Cloudformation, Ansible, Terraform 등 운영 경험자...",
https://kr.indeed.com/jobs?q=go&vjk=1c42dc80b6753bc9,시스템 백엔드 개발자,Success Korea,서울 충무로역,블록체인 관련 기업 근무자 - 블록체인 기반 시스템 구축 경험자 우대 - Go Lang 경험자 우대 - DID 개발 경험자 우대 - 전공 : 전산학... 기반 시스템 구축 경험자 우대 - Go Lang 경험자 우대 - DID...,
https://kr.indeed.com/jobs?q=go&vjk=929d632e54664365,DevOps 엔지니어(과장~차장급),TV홈쇼핑,성남 판교역,"클라우드 구축 경험 - 다음 중 하나의 언어를 이용한 업무 자동화 기능 : Python, Node.js, Go - 클라우드 기반 시스템 구축 & 운영 자동화 경험 (Ansible, Chef, AWS cloudFormation...",
https://kr.indeed.com/jobs?q=go&vjk=59de9b0a8a6b03ca,마케팅,Success Korea,서울 논현동,"채용제목 마케팅 (지원마감) 회사소개 Cloud Service 기업 업무내용/자격요건 담당직무... 시장조사, Go-To-market 전략 기획 - 파트너 매출분석/프로그램 기획 및 신규 솔루션파트너 발굴 - 연/분기별 사업계획...",
https://kr.indeed.com/jobs?q=go&vjk=6f9929afd9517025,웹-프론트엔드 개발자,Success Korea,서울 충무로역,블록체인 관련 기업 근무자 - 블록체인 기반 시스템 구축 경험자 우대 - Go Lang 경험자 우대 - DID 개발 경험자 우대 - 전공 : 전산학... 기반 시스템 구축 경험자 우대 - Go Lang 경험자 우대 - DID...,
https://kr.indeed.com/jobs?q=go&vjk=81058841f63e9963,Product 마케팅(ASAP),Success Korea,서울 논현동,"Cloud Service 기업 업무내용/자격요건 담당직무 공통 Job Description - IT 시장조사, Go-To-Market 전략기획 - Budget management 및 연/분기별 사업계획, 마케팅 전략 수립...",
https://kr.indeed.com/jobs?q=go&vjk=5aa7318a62f3ed90,마케팅 지원 3명,Success Korea,서울 논현동,"지원 3명 (지원마감) 회사소개 Cloud Service 기업 업무내용/자격요건 담당직무... 시장조사, Go-To-market 전략 기획 - 파트너 매출분석/프로그램 기획 - 연/분기별 사업계획, 마케팅 전략 수립 및...",
https://kr.indeed.com/jobs?q=go&vjk=de02498698b3c239,Back-end Developer 백엔드 개발자 (JAVA),Peer,서울 강남구,"Docker 컨테이너 활용 경험 사용자 인증 메커니즘에 대한 이해 및 암호화 관련 개발 경험 Python, Go, Scala, C, Java 언어 실무 경험이나 다양한 언어 사용에 부담 없는 분 Micro service...",
https://kr.indeed.com/jobs?q=go&vjk=d7fce0a8b6bccdc7,[ASAP] IT Product Marketing,Success Korea,서울,"Marketing (지원마감) 회사소개 Cloud Service 기업 업무내용/자격요건 담당직무... 시장조사, Go-To-Market 전략기획 - 연/분기별 사업계획, 마케팅 전략 수립 및 시행 - 마케팅 예산 편성...",
https://kr.indeed.com/jobs?q=go&vjk=881274702870ae0e,웹 개발자 및 클라우드 서비스 개발자,SW개발전문회사,서울 목동,"클라우드 서비스 API와 연계된 서비스를 개발 - 배포, 빌드, 테스트 자동화와 관련된 DevOps 개발 - Go, Python, JS(Angular/React) 등을 이용한 웹 애플리케이션 개발 [전형절차] 서류, 면접 1...",
https://kr.indeed.com/jobs?q=go&vjk=979cbbb1baf0e9d0,APAC Server Regional Marketing Manager 1,"Advanced Micro Devices, Inc.",서울,"people who understand collaboration, respect, and who will go the “extra mile” to achieve unthinkable results. It takes...",
https://kr.indeed.com/jobs?q=go&vjk=e55bbd029fd616d6,IT Product Marketing,Success Korea,서울,"Marketing (지원마감) 회사소개 Cloud Service 기업 업무내용/자격요건 담당직무... 시장조사, Go-To-Market 전략기획 - 연/분기별 사업계획, 마케팅 전략 수립 및 시행 - 마케팅 예산 편성...",
https://kr.indeed.com/jobs?q=go&vjk=43a7290ab0c27eb1,DID 솔루션 개발자,Success Korea,서울 충무로역,블록체인 관련 기업 근무자 - 블록체인 기반 시스템 구축 경험자 우대 - Go Lang 경험자 우대 - DID 개발 경험자 우대 - 전공 : 전산학... 기반 시스템 구축 경험자 우대 - Go Lang 경험자 우대 - DID...,
https://kr.indeed.com/jobs?q=go&vjk=1d822274081e9d33,웹-백엔드 개발자,Success Korea,서울 충무로역,블록체인 관련 기업 근무자 - 블록체인 기반 시스템 구축 경험자 우대 - Go Lang 경험자 우대 - DID 개발 경험자 우대 - 전공 : 전산학... 기반 시스템 구축 경험자 우대 - Go Lang 경험자 우대 - DID...,
https://kr.indeed.com/jobs?q=go&vjk=29f023eff21a6f01,Cloud Infra Platform Architect (10년 이상),Success Korea,대한민국,"IaC, CI/CD 관련 업무 경험자 ( Terraform, Ansible 등 ) - Java, Python, Go 중 한가지 언어를 능숙하게 사용 - Public/Private Cloud Architect 유 경험자 우대...",
https://kr.indeed.com/jobs?q=go&vjk=b9bd9927b1dba4d9,Product Marketing Manager (PM),Success Korea,서울 양재동,자격요건] - FMCG PM or BM 경력자 (Developing go-to-market strategy) - 4년재 대졸 이상 학력자로 경력 최소... BM 경력자 (Developing go-to-market strategy...,
https://kr.indeed.com/jobs?q=go&vjk=68e584fc44c1d706,"Sales Executive (차,부장급)",Success Korea,대한민국,sales strategy by providing technical information and go to market strategy with Dell's differentiated value positioning...,
https://kr.indeed.com/jobs?q=go&vjk=2c83be91bcb41fa0,"Manager, Customer Excellence – Digital Operations",Thermo Fisher - APAC,서울,role and contribution of Customer Care... commercial go-to-market strategy. Recognizes the impact of recruiting...,
https://kr.indeed.com/jobs?q=go&vjk=54a07508e05274ad,게임플랫폼 서버개발,Success Korea,성남 서현역,"설계 및 구현 [자격요건] - Java / scala (이외 C++, Go, Python 등)을 이용한 서버 개발 경력 3년 이상 - 오픈소스... Java / scala (이외 C++, Go, Python 등)을 이용한...",
https://kr.indeed.com/jobs?q=go&vjk=86a65cda1bfbaf66,Full-time Primary School Maternity Cover...,Dulwich College Seoul,대한민국,"may be made before the application deadline. To apply, go to https... dulwich.org/careers and lodge your application...",
https://kr.indeed.com/jobs?q=go&vjk=ca16a421f761c218,Cloud Architect - Cloud Native,Oracle,서울,"languages... Java, Python, Go, JavaScript, C++ or similar. Desirable... articulate the Oracle Go-To-Market...",
https://kr.indeed.com/jobs?q=go&vjk=98b6a8786f075123,Korean Business Development Executive,Flying Chalks,부산,"an English-speaking environment · Receive opportunities to go for business trips to countries like Singapore, Malaysia...","월급 2,350,000원 - 3,800,000원"
https://kr.indeed.com/jobs?q=go&vjk=a8730ca33b54f4e4,"Enterprise Sales Specialist, Hybrid Clou...",Amazon Web Services Korea LLC,서울,"Entrepreneurial & Commercial thinking: ambitious, self-driven, go-getter, risk-taker, persuader and influencer, persistent...",
https://kr.indeed.com/jobs?q=go&vjk=a7c68eba65a950aa,지스트 블록체인경제센터 계약직연구원,광주과학기술원,광주 북구,록체인 개발 블록체인 경제 블록체인 하드포크 1) SW프로그래밍 제작 경험자 2) Python/C/Java/ Go 프로그래밍 가능자 우대사항 ① 국가보훈대상자(취업보호대상자) 및 장애인은 관련 법령에 의거하여 우대...,
https://kr.indeed.com/jobs?q=go&vjk=0ab7da87ac8fd253,Head of Korea,Fyber,서울,"lead the establishment of Fybers brand... country... go-to monetization partner for app developers, as Fyber is known...",
https://kr.indeed.com/jobs?q=go&vjk=d334fafc14f81271,S&CM Specialist (CM),Success Korea,서울 여의도역,"CM) (지원마감) 회사소개 외국계 FMCG(소비재) 기업 업무내용/자격요건 담당직무 JD파일 참조 Go-to-market management, Category Management, Category Promotion...",
https://kr.indeed.com/jobs?q=go&vjk=2862fe198bca771f,End of JUNE and JULY 2021 | Kindy-Elemen...,Kids Club,부산,must have... physical diploma apostilled and ready to go Candidates must have a federal-level background check along...,
https://kr.indeed.com/jobs?q=go&vjk=10314d994dd5d28a,Kindergarten-Elementary Teacher Providin...,FTK Dongtan 2,경기도 화성,background check in hand and READY-TO- GO! F-series Visa Holders: We are currently... check READY TO GO 4. Job Overview...,
https://kr.indeed.com/jobs?q=go&vjk=65acd91490bdcf6f,민트팟 앱/웹 서비스 기획 경력,민트팟,서울 서초구,"7. 간식 제공: 일하다 출출할 땐 눈치 보지 말고 민트팟 간식 창고로 Go Go! 8. 조기 퇴근: ""일이 생겨 빨리 들어가 봐야할 거 같아요!"" 그렇다면 조기 퇴근 신청으로 Go! 9. 신규직원 Welcome Box 제공...",
https://kr.indeed.com/jobs?q=go&vjk=b4aeb24908220be6,Assistant Product Marketing Manager,Success Korea,서울 강남구,Korea To handle new product development and launch ( go-to-market) effectively -Manage Categories by territories of Korea...,
https://kr.indeed.com/jobs?q=go&vjk=ec442c65c2b66e85,JEJU High Salary Elementary-Middle Schoo...,I Care Academy,제주도 제주,must have... physical diploma apostilled and ready to go Candidates must have a federal-level background check along...,
https://kr.indeed.com/jobs?q=go&vjk=f64608bc0dcc9934,완구 신규사업팀장,Success Korea,서울,개발 - 새로운 시장 진입을 포함한 잠재적 브랜드 확장 기회의 인식 및 평가 - 신규 시장 및 브랜드 발굴 / Go-to-Marketing 전략 수립 - All-rights/toy distribution 기회 탐색 및 사업...,
https://kr.indeed.com/jobs?q=go&vjk=c661bdf9acccbb75,"Global Access, Value & Economics , Korea...",Success Korea,서울 마포구,"payer relations, health economics & outcomes research, and go-to-market launch support. ? Partner with GM, Clinical Marketing...",
https://kr.indeed.com/jobs?q=go&vjk=d4157a64fa8fea96,Marketing Manager,Guided Solutions,서울,Play a leading role... design and development of a go-to-market strategy... full range of products Responsible...,
https://kr.indeed.com/jobs?q=go&vjk=91c506e4eeb74e05,"Channel Sales Manager, Cloud Native Part...",Oracle,서울,"enterprises can leverage to explore innovative new solutions to go to market quickly Develop robust cloud, hybrid and multi...",
https://kr.indeed.com/jobs?q=go&vjk=b0f4b749239aad58,Senior Business Development Manager - Sm...,Amazon Web Services Korea LLC,서울,field enablement activities... account teams to drive go-to-market at scale · Collaborate with partner team for building...,
https://kr.indeed.com/jobs?q=go&vjk=b2bef180d2e82d4f,Sales Engineer - South Korea,Datadog,서울,"experience in one... following: Java, Python, Ruby, Go, Node.JS, PHP, or .NET Customer support or customer facing...",
https://kr.indeed.com/jobs?q=go&vjk=8e1ac7444db1f6ba,[Platform Engineering] Server Engineer,네이버랩스,성남 분당구,"ㅇ LINUX/UNIX 등 기본적인 OS 지식 보유 ㅇ GRPC/HTTP/REST 기반의 서버 개발 능력 ㅇ Go/JAVA/NodeJS 중 1개 이상의 프로그래밍 언어에 익숙하신 분 ㅇ MySQL, MongoDB 등 DB...",
https://kr.indeed.com/jobs?q=go&vjk=b333becac124dcd4,"Sales Director & Country Manager, Korea",Syapse,서울,leaders Partner with Life Science business development on a go-to market approach for collaborations between Life Science...,
https://kr.indeed.com/jobs?q=go&vjk=77d8e0149dad533b,블록체인인터넷경제 연구센터 위촉연구원,광주과학기술원,광주 북구,록체인 개발 블록체인 경제 블록체인 하드포크 1) SW프로그래밍 제작 경험자 2) Python/C/Java/ Go 프로그래밍 가능자 우대사항 ① 국가보훈대상자(취업보호대상자) 및 장애인은 관련 법령에 의거하여 우대...,
https://kr.indeed.com/jobs?q=go&vjk=830cbe4c5411c5cd,Commercial Sales Account Manager - Comme...,"Advanced Micro Devices, Inc.",서울,"collaboration, respect, and who will go the “extra mile” to achieve unthinkable... SFDC) Implement go-to-market and sales...",
https://kr.indeed.com/jobs?q=go&vjk=fd5f970a3016c93c,Financial Controller,Success Korea,전라북도 김제,period... influences decision to adjust... period-to- go spend. ? Attendance at weekly construction team meetings...,
https://kr.indeed.com/jobs?q=go&vjk=ed27e77d36919a7d,Partner Success Solutions Archtiect,Amazon Web Services Korea LLC,서울,"flexible pay-as-you- go model frees our... highly ambiguous partner requirements, go beyond the immediately stated needs...",
https://kr.indeed.com/jobs?q=go&vjk=4e327c367b873ea4,Elementary Head Teacher for Internationa...,UFO Consulting,경기도 용인,apostilled... nationwide criminal background check READY TO GO Korean Citizens: We are currently taking applications...,
https://kr.indeed.com/jobs?q=go&vjk=d67455aa6c39f28e,(데이터개발) 분석플랫폼 엔지니어,Nexon,성남 분당구,"패키지 라이브러리 모듈 개발 및 운영 지원자격 - Linux 환경에서 Python, Scala, Java, Go 중 한 가지 이상의 언어로 개발이 가능하신 분 - 자료구조, 알고리즘, 데이터베이스, 분산처리 등 컴퓨터...",
https://kr.indeed.com/jobs?q=go&vjk=b51f7378e367a91c,(데이터개발) 백엔드 엔지니어,Nexon,성남 분당구,"인을 파악하고 수정할 수 있는 환경 구축 지원자격 - Linux 환경에서 Python, Scala, Java, Go 중 한 가지 이상의 언어로 개발이 가능하신 분 - 자료구조, 알고리즘, 데이터베이스, 분산처리 등 컴퓨터...",
https://kr.indeed.com/jobs?q=go&vjk=bdf0d167d777b1a1,민트팟 UI 디자이너 경력,민트팟,서울 서초구,"7. 간식 제공: 일하다 출출할 땐 눈치 보지 말고 민트팟 간식 창고로 Go Go! 8. 조기 퇴근: ""일이 생겨 빨리 들어가 봐야할 거 같아요!"" 그렇다면 조기 퇴근 신청으로 Go! 9. 신규직원 Welcome Box 제공...",
https://kr.indeed.com/jobs?q=go&vjk=7609462290636e5d,지스트 블록체인인터넷경제연구센터 계약직(박사급 연구원),광주과학기술원,광주 북구,연구·개발·하드포크 1) 박사 이상 졸업자 2) SW프로그래밍 제작 경험자 3) Python/C/Java/ Go 프로그래밍 가능자 우대사항 ① 국가보훈대상자(취업보호대상자) 및 장애인은 관련 법령에 의거하여 우대...,
https://kr.indeed.com/jobs?q=go&vjk=d46a9302434b916a,Business Development Manager,Success Korea,서울,optimize Korea BD Resources - Develop GTM ( Go To Market) strategies for business... CDNs) etc... ability to go deep enough...,
https://kr.indeed.com/jobs?q=go&vjk=b124b3b5d059541f,Kids Cafe Manager for Bilingual Candidat...,Crevill Kid's Factory,경기도 성남,apostilled... nationwide criminal background check READY TO GO Candidates must have previous management experience...,
https://kr.indeed.com/jobs?q=go&vjk=7cb7669fa35930b6,전자/제조부문 B2B 컨설팅 전문가,Success Korea,서울,직무 Position Summary O. 고객사 B2B 사업 역량 강화를 위한 B2B 상품기획 및 GTM ( Go-to-Market) 실행지원 컨설팅 수행 - B2B 상품기획 컨설팅 : 고객사의 솔루션 기획 및 오퍼링 개발...,
https://kr.indeed.com/jobs?q=go&vjk=52d0f70f0437884d,Part-time Primary School Substitute Teac...,Dulwich College Seoul,대한민국,"may be made before the application deadline. To apply, go to https... dulwich.org/careers and lodge your application...",
https://kr.indeed.com/jobs?q=go&vjk=9c01ddafe05cdfad,Solutions Architect II,Amazon Web Services Korea LLC,서울,"flexible pay-as-you- go model frees our... tackle ambiguous customer requirements, go beyond what they say... what...",
https://kr.indeed.com/jobs?q=go&vjk=674370fd38bce0dd,지스트 블록체인경제센터(강남소재) 계약직(연구원),광주과학기술원,광주 북구,드포크 1) 4년대 대학 이상 졸업자 2) SW프로그래밍 제작 경험자 3) Python/C/Java/ Go 프로그래밍 가능자 우대사항 ① 국가보훈대상자(취업보호대상자) 및 장애인은 관련 법령에 의거하여 우대 ② 블록...,
https://kr.indeed.com/jobs?q=go&vjk=794e209e405f4fc0,지스트 블록체인경제센터(강남소재) 계약직연구원,광주과학기술원,광주 북구,록체인 개발 블록체인 경제 블록체인 하드포크 1) SW프로그래밍 제작 경험자 2) Python/C/Java/ Go 프로그래밍 가능자 우대사항 ① 국가보훈대상자(취업보호대상자) 및 장애인은 관련 법령에 의거하여 우대...,
https://kr.indeed.com/jobs?q=go&vjk=0741c003e03b6297,Elementary School Literature Teacher Nee...,Korea International Christian School,인천,apostilled... nationwide criminal background check READY TO GO 4. Job Overview Working Hours: 8:30 AM-5:30 PM Age...,
https://kr.indeed.com/jobs?q=go&vjk=23a27fb2144b9e8a,Cheongju Bilingual Manager at a Kids Caf...,Crevill Kid's Factory,충청북도 청주,apostilled... nationwide criminal background check READY TO GO Korean Citizens: We are currently hiring Korean...,
https://kr.indeed.com/jobs?q=go&vjk=ceea9006a76afc25,Public Sector Business Development Execu...,Success Korea,서울,"computing and virtualization, storage systems with ability to go deep enough on technical aspects to differentiate between...",
https://kr.indeed.com/jobs?q=go&vjk=bf81a76d427b72ef,Sous Chef,"Marriott International, Inc",인천,"Located Remotely? N At Sheraton, we go above and beyond in everything we do. We... who is ready to go beyond in everything...",
https://kr.indeed.com/jobs?q=go&vjk=18848cd6c6f44fbe,S/W Engineering Efficiency,Success Korea,성남 분당구,"이와 동등한 수준의 실무 경험 - Java, C/C++, Python, Go, Haskell과 같은 프로그래밍 언어를 이용한 1년 이상의 실무 경험... 있는 분 - Java, Python, Go, Haskell와 같은 언어에서...",
https://kr.indeed.com/jobs?q=go&vjk=32454c56d12285d5,Kindergarten-Middle School Teacher for S...,Poly Daejeon,대전,apostille (issued within 6 months) ready to go F-4 Visa Holders F-4 visa holders... check READY TO GO 3. Visa Sponsorships...,
https://kr.indeed.com/jobs?q=go&vjk=1897784e4041d839,Sr Database Specialist Solutions Archite...,Amazon Web Services Korea LLC,서울,"sales, business development, and product teams to execute a go to market strategy, ensure success of our most complex...",
https://kr.indeed.com/jobs?q=go&vjk=58ead3610b119e16,"Senior Software Engineer, Messaging Serv...",Sendbird,서울,"인프라 위에 안정적이고 효율적인 서비스 설계 및 구축 핵심 자격요건 Python, Java, Kotlin, Go, C++ 등 서버 사이드 프로그래밍 언어의 활용 능력 실시간 시스템 개발, 배포 및 유지보수 경력 3년 이상...",
https://kr.indeed.com/jobs?q=go&vjk=e4efb05bff0fdb31,"Business Development specialist , Interv...",Success Korea,서울 강남구,skills and knowledge... entire product line... go-to person... entire franchise portfolio Make regular...,
https://kr.indeed.com/jobs?q=go&vjk=d49424e24863a852,"Principal, Machine Learning Engineer, Te...",Coupang,서울,set and would like to explore new territory of technology and go deep on domain knowledge Ability to think outside-the-box...,
https://kr.indeed.com/jobs?q=go&vjk=353d012e54327212,Cloud System Engineer (3년이상),Success Korea,서울,"Engineers) 경험 - 스크립팅 역량 보유 (Python, Go, Shellscript 등) - Terraform, Ansible... 스크립팅 역량 보유 (Python, Go, Shellscript 등...",
https://kr.indeed.com/jobs?q=go&vjk=2c83be91bcb41fa0,"Manager, Customer Excellence – Digital Operations",Thermo Fisher - APAC,서울,role and contribution of Customer Care... commercial go-to-market strategy. Recognizes the impact of recruiting...,
https://kr.indeed.com/jobs?q=go&vjk=7b6fe5f57be08c95,"Solution Architect for Cloud and Media,...",Success Korea,서울 강남구,"objectives. - Open, winning and go-getter attitude, organized and structured, an... Open, winning and go-getter attitude...",
https://kr.indeed.com/jobs?q=go&vjk=7cb9a17bd453d160,모바일 게임플랫폼 백엔드 개발자 (경력),데브시스터즈,서울 강남구,"활용해 최대한의 시너지를 낼 수 있도록 합니다. [자격요건] - 3년 이상의 서버 개발 실무 경험 - Go, Java, Scala, Python 중 하나 이상을 사용한 API 서버 구현 경험 - 오픈소스 기반의 다양한...",
https://kr.indeed.com/jobs?q=go&vjk=5863a236412d344b,"Head of Partners and Alliances, Google C...",Google,서울,Consulting... Go-to-Market Business... problems. Responsibilities Develop a Go-to-Market partner strategy to optimize...,
https://kr.indeed.com/jobs?q=go&vjk=0a9081244d8d1375,2분기 게임 서버 개발자 채용 (신입/경력),이스트게임즈,서울 서초동,"래밍 언어로 소프트웨어를 개발한 경험이 있는 분 - * C/C++, C#, JavaScript, Python, Go. -새로운 프로그래밍 언어를 습득하는데 어려움이 없거나 혹은 흥미를 갖고 있는 분 -OS/System...",
https://kr.indeed.com/jobs?q=go&vjk=20b5a95b14ab7935,Application Developer,Amazon Web Services Korea LLC,서울,"Java, Python, C++, Scala, Go, Ruby, etc... 래밍 언어 경험 (예 : Java, Python, C ++, Scala, Go, Ruby 등) · 애플리케이션 개발을 지원하는 마이크로 서비스 아키텍...",
https://kr.indeed.com/jobs?q=go&vjk=e7b7bc2084ae0dd5,University Relations and Counseling Mana...,IES Abroad,서울,"we believe that every student should have the opportunity to go abroad - especially in a fun, safe, and superior academic...",
https://kr.indeed.com/jobs?q=go&vjk=ae1e6fb0b13ae235,(AI기술) AI 소프트웨어 백엔드 개발자 영입,카카오엔터프라이즈,성남 삼평동,"시스템 개발 자격요건 - 리눅스 환경에서의 서비스 설계 및 개발이 가능하신 분 - C/C++, Python, Go 중 적어도 한 가지 이상의 언어에 능숙하신 분 - CS 기본기가 탄탄하신 분 (자료구조, 알고리즘...",
https://kr.indeed.com/jobs?q=go&vjk=7611894be6d2b8b2,[PUBG Dev] Anti-Cheat 플랫폼 엔지니어,PUBG,서울,"시스템 및 운영툴 개발 안티치트 운영 자동화 시스템 개발 자격 요건 관련 경력 2년 이상 NodeJS 또는 Go (TypeScript, Golang) 개발 능력 React, Vue, Angular 등을 사용한 SPA 웹...",
https://kr.indeed.com/jobs?q=go&vjk=b946fac4d5211539,Relationship Manager (Korea),Paktor,서울,meeting new people and have a passion for sales. You will go the extra mile to close the deal and you understand how crucial...,
https://kr.indeed.com/jobs?q=go&vjk=5123207a169f90eb,Lead AI Platform Developer,AITRICS,서울,"Architecture에 대한 이해도가 있으신 분 Additional Requirement python, go 프로그래밍 언어 1개 이상 능통하신 분 TensorFlow, PyTorch, MXNet 등 각종 머신러닝 프레임워...",
https://kr.indeed.com/jobs?q=go&vjk=0c03624a78275989,"Partner Development Manager, ISV Startup...",Amazon Web Services Korea LLC,서울,"adoption success, and go-to-market (GTM... get our key ISV Startups enabled and go-to-market (GTM) ready · Orchestrate...",
https://kr.indeed.com/jobs?q=go&vjk=94ed1e8c9082c81a,Engineering Manager - Go - Distributed S...,Canonical - Jobs,서울,"Juju is a Canonical-sponsored open source Go project that facilitates the modeling... delivery using Go, C, C++, Java, Python...",
https://kr.indeed.com/jobs?q=go&vjk=e839a3193ae30b08,Senior Account Manager,NVIDIA,서울,"Data Centers and Computing Architecture. A thorough understanding of go-to-market strategies including account, products etc...",
https://kr.indeed.com/jobs?q=go&vjk=e5a80b857513f896,[B마트] 백엔드 시스템 개발자,우아한 형제들,서울 송파구,"분 - 웹 프론트엔드 개발 능력과 UI에 대한 기본 지식 및 경험이 있으신 분 - Java 외 (Kotlin, Go) 플랫폼에도 익숙하신 분 [꼭 읽어 주세요!] - 지원 시 경력기술서(PDF형식) 필수 첨부 부탁 드립니다...",
https://kr.indeed.com/jobs?q=go&vjk=9d17be56262c0c35,Inside Sales - Business Development Repr...,Salesforce,서울,"ideas: a new technology model in cloud computing, a pay-as-you- go business model... new integrated corporate philanthropy...",
https://kr.indeed.com/jobs?q=go&vjk=271a34021d47d3bb,Security Services Sales Representative,IBM,서울,Opportunities to Close Interlock with Security Brand and Go to Market Teams on Account planning and Business Development...,
https://kr.indeed.com/jobs?q=go&vjk=2c100ab34ffda286,Student Counselor and College Counselor,St. Paul American Scholars (SPAS),경기도 용인,background check... federal level apostille ready to go Preferences Candidates with previous counseling experience...,
https://kr.indeed.com/jobs?q=go&vjk=2078f490bcee1c29,[Platform Engineering] Server Engineer,네이버,서울,"ㅇ LINUX/UNIX 등 기본적인 OS 지식 보유 ㅇ GRPC/HTTP/REST 기반의 서버 개발 능력 ㅇ Go/JAVA/NodeJS 중 1개 이상의 프로그래밍 언어에 익숙하신 분 ㅇ MySQL, MongoDB 등 DB...",
https://kr.indeed.com/jobs?q=go&vjk=493b2ff6c523a877,Account Manager - Seoul,MOLOCO,서울,growth opportunities and upsell accordingly. Be your client's go to person to serve... external programmatic expert...,
https://kr.indeed.com/jobs?q=go&vjk=45ee4538f28a5669,Devices & Accessories Portfolio Marketin...,Philip Morris International,서울,"10, Gukjegeumyung-ro, Yeongdeungpo-gu, Seoul, Korea HOW TO APPLY • Go PMI career site... pmi.com/careers"" and set ‘South...",
https://kr.indeed.com/jobs?q=go&vjk=0bcc7652e2f7847a,"Manager Digital Loyalty & CRM Seoul, Sou...",Philip Morris International,서울,"10, Gukjegeumyung-ro, Yeongdeungpo-gu, Seoul, Korea HOW TO APPLY • Go PMI career site... pmi.com/careers"" and set ‘South...",
https://kr.indeed.com/jobs?q=go&vjk=2a18b5bf84c6aa36,Technical Enablement Manager - Seoul,Datadog,서울,"etc.. Scripting languages like Python, Javascript, Ruby, Perl, Go, PHP, or Chef/Puppet etc.. Why You Should Apply: Generous...",
https://kr.indeed.com/jobs?q=go&vjk=60ff8cfff46f3378,Compensation consultant,Mercer,서울,"Fast, accurate, numerate, detail-minded and prepared to go extra mile for career development About 4~5 years of Consulting...",
https://kr.indeed.com/jobs?q=go&vjk=078bfa7e0347eff3,Kindergarten-Elementary Position Availab...,Chungdahm April Dongdaemun Branch,서울,an apostille READY TO GO F Visa Holders... diploma with an apostille READY TO GO 3. Visa Sponsorships We ARE currently...,
https://kr.indeed.com/jobs?q=go&vjk=16f1d5e738d49c73,SAP SD or MM Sr. level,피플케어코리아,서울,"scheduling and execution, key user training, go live support, and post go live support) - Performance of feasibility studies...",
https://kr.indeed.com/jobs?q=go&vjk=7e39068105825231,Sr. Demand Planner,Columbia Sportswear Company,서울,forecast and optimized fulfillment plan -Attend all Go-To-Market Meetings to understand seasonal key strategy and plan...,
https://kr.indeed.com/jobs?q=go&vjk=b120f4a1d945f552,Product Specialist,LexisNexis Legal & Professional,대한민국,"business process Go to Market & Product... budget targeted Ensures ROI for go to market strategy LexisNexis, a division...",
https://kr.indeed.com/jobs?q=go&vjk=8d49c20e46cb7eda,"Recruitment Partner, Korea",Resource Solutions,경기도,partnership with all key stakeholders. People who know how to go about forming solid relationships while delivering first...,
https://kr.indeed.com/jobs?q=go&vjk=bb36a7a45e29ae24,Admin Manager - Seoul,AppsFlyer,서울,"We need to make sure that we provide the team... tools and resources they need to go All-In."" Oren Kaniel, CEO",
https://kr.indeed.com/jobs?q=go&vjk=b92a8a11a4acc645,Senior Applications Engineer – Semi/Elec,National Instruments,서울,"generation of innovators who think bigger, aim higher, and go faster... you up... challenge of helping shape humanity...",
https://kr.indeed.com/jobs?q=go&vjk=3d10bfff0f6dd987,Operations Associate / Operations Manage...,Lime,부산광역시,urban commuting and help people get where they need to go! We’re looking for creative leaders... passion for innovation...,
https://kr.indeed.com/jobs?q=go&vjk=20d48e1aa196604a,Innovation Manager,Success Korea,서울 역삼역,manager) B. Area and local business alignment 4.Develop ‘ Go to market’ strategy by working... brand activation...,
https://kr.indeed.com/jobs?q=go&vjk=42346e33fcd7bb4e,블록체인 개발자,태진솔루션아이디씨,성남 분당구,C동 401호 인근지하철 직무내용 블록체인 개발자를 구합니다 - 블록체인 노드 운영 경험자 - Rust/ Go 경험자 - Devops 경험자 IPFS 데이터센터 구축을 위한 개발업무 경력조건 경력 필요경력 3년 0개월...,"연봉 70,000,000원"
https://kr.indeed.com/jobs?q=go&vjk=fa765e906dee93e3,[Data Science Div] Data Engineer,PUBG,서울,"의사소통이 원활하신 분 서초 Office 출근이 가능하신 분 하나 이상의 프로그래밍 언어를 익숙하게 사용 : Go, Scala, Python 대용량 분산 처리 시스템 개발 및 운영 경험 우대 사항 퍼블릭 클라우드 서비스...",
https://kr.indeed.com/jobs?q=go&vjk=b10f305f5be3e866,Heavy Wheel Mechanic Lead - Camp Carroll,ASO,대한민국,"Alaska Native Corporation (ANC), 100% of our company’s profits go back to our 14,300 Iñupiat shareholders that have resided...",
https://kr.indeed.com/jobs?q=go&vjk=7e0bf5e4e2188d69,Account Manager and Sales representative...,Beta Analytic,서울,South Korea... more information on our company please go... radiocarbon.com... betalabservices.com. *Please...,
https://kr.indeed.com/jobs?q=go&vjk=19501042c9d53ca0,Track Mechanic Lead - Camp Carroll (Daeg...,ASO,대한민국,"Alaska Native Corporation (ANC), 100% of our company’s profits go back to our 14,300 Iñupiat shareholders that have resided...",
https://kr.indeed.com/jobs?q=go&vjk=f2da3bb37e1e749a,MySQL ISV Sales Representative,Oracle,대한민국,"companies of all sizes. We have a solid technology, pricing, and go-to-market model, which makes this role challenging...",
https://kr.indeed.com/jobs?q=go&vjk=413706e62fb3d402,Enterprise Account Executive,Tableau,서울,intelligence preferred. Relevant Degree preferred. Go-Getter . Willing to go the extra mile... strong work ethic; self...,
https://kr.indeed.com/jobs?q=go&vjk=7f47fc1d202dd11c,[공통기술부문] SRE 엔지니어(DevOps),우아한 형제들,서울 송파구,"분 - 서비스모니터링, 로그 및 알람 관련 환경과 도구를 활용해보신 분 - Python, Node.js, GO 등 프로그래밍 경험이 있으신 분 - SRE 또는 DevOps 문화에 관심이 있으신 분 [우대사항] - 인프라...",
https://kr.indeed.com/jobs?q=go&vjk=8a5e1c0ae5770235,Kindy Homeroom Teacher Needed,GIA Micro School,서울 강남구,diploma and nationwide criminal background check ready-to- go! 3. Visa Sponsorships We sponsor E-2 visas. 4. Working...,
https://kr.indeed.com/jobs?q=go&vjk=a7e1383ba1a20b26,Product Manager - Seoul,MOLOCO,서울 강남구,surface new product offering and positioning ideas Develop go-to-market strategies and materials including generating...,
https://kr.indeed.com/jobs?q=go&vjk=41db801ed74f0472,Lead Solution Engineer (Korea),Tableau,서울,various technologies & impeccable business acumen. Go-Getter . Willing to go the extra mile... strong work ethic; self...,
https://kr.indeed.com/jobs?q=go&vjk=583635c079d2effa,Enterprise Account Executive,Confluent,서울,executing... go-to-market strategy... Confluent partners Create and execute go to market plans... based on viral...,
https://kr.indeed.com/jobs?q=go&vjk=84bf1764b2bc5b3d,Data Management Lead I,Parexel,서울,"manage timelines for study data deliveries, including Go-Live, Interim Deliveries, and Final DB Lock. Collaboration...",
https://kr.indeed.com/jobs?q=go&vjk=396e06a87603b588,Digital Native channel manager,Oracle,서울,oriented solutions is a critical success factor of Oracle’s go to market strategy... what the Digital Native...,
https://kr.indeed.com/jobs?q=go&vjk=c233c33d26fb1229,Assistant Housekeeping Manager,"Marriott International, Inc",인천,"Located Remotely? N At Sheraton, we go above and beyond in everything we do. We... who is ready to go beyond in everything...",
https://kr.indeed.com/jobs?q=go&vjk=f35c1467a1bdcbce,"Senior Director, Head of Project Managem...",JLL,서울,Matter Expert Are you the go-to person... someone who is naturally decisive... go the extra mile... prepared to take...,
https://kr.indeed.com/jobs?q=go&vjk=7d4a4bb28b841dde,Brand Manager (4-8y),Success Korea,서울 여의도역,d. Project management from innovation to go-to-market package e. S&OP management... from innovation to go-to-market package...,
https://kr.indeed.com/jobs?q=go&vjk=54e3f6aba6e23df2,"Specialized Sales GTM Strategy Lead, AWS",Amazon Web Services Korea LLC,서울,infrastructure... Worldwide Specialized Organization (WWSO) Go-To-Market (GTM) Strategy & Innovation Lead... person...,
https://kr.indeed.com/jobs?q=go&vjk=ca6835e67d4c8d8a,Customer Delivery Architect,Amazon Web Services Korea LLC,서울,"key member... Account and Professional Services Go-To-Market teams, ensure success in designing, building, optimizing...",
https://kr.indeed.com/jobs?q=go&vjk=b2661d357cf26c8f,플랫폼쉴드 시스템 개발,Nexon,성남 분당구,"IP, 평판 등의 정보) 지원자격 - 전체 개발 경력 3~5년 - Python, Go 개발경력 우대(팀 내부 주 개발 언어가 Go, Python) - 비동기, 병렬처리 프로그래밍 기술 - OS, DB, H/W, 네트워...",
https://kr.indeed.com/jobs?q=go&vjk=cebb8780498b1f74,"Project Manager, Commercial Enablement a...",Thermo Fisher Scientific,서울,"opportunity for scalability and business sustainability from Go-To-Market strategy, sales enablement, quotation through...",
https://kr.indeed.com/jobs?q=go&vjk=5a3b64e9fe00090d,Field Service Engineer Korea (m/f/d),EOS GmbH,서울,"stations for electric cars – to get you where you want to go. EXCELLENCE – We develop individual learning plans, our EOS...",
https://kr.indeed.com/jobs?q=go&vjk=1727056fe106156d,"Manager, Creative Marketing",Netflix,서울,"selfless, collaborative marketing professional who will go beyond your roles to get great works done. Need a mastery...",
https://kr.indeed.com/jobs?q=go&vjk=b16ef52d00b44c8d,Domestic Appliances - Consumer Engagemen...,Philips,서울,wider business and all relevant stakeholders... go-to person... district for Consumer Engagement & Care and link...,
https://kr.indeed.com/jobs?q=go&vjk=5dafaf5ce0098d62,"Product & Sales Activation Specialist, G...",Google,서울,"fields including go-to-market strategy, e... develop and drive narratives and Go-To-Market solutions around our Objectives...",
https://kr.indeed.com/jobs?q=go&vjk=27d7e0e6e1cd10f0,Application Engineer - HAV,Mentor Graphics (Korea) LLC,경기도 성남,ensure long term customer satisfaction and become the go-to expert for all of customers inquiries and support Work closely...,
https://kr.indeed.com/jobs?q=go&vjk=6222ccd51e1464f0,Application Architect,Amazon Web Services Korea LLC,서울,"C/C++, C#, Swift, Node.js, Python, Go, or Ruby. · Experience as a technical... Node.js, Python, Go 또는 Ruby 중 두 개 이상의 언어를...",
https://kr.indeed.com/jobs?q=go&vjk=6a231be69b5118fe,Korea Test,Hear.com KR,서울,"across all territories... QA Engineer you... go-to person regarding testing and automation; creating, owning...",
https://kr.indeed.com/jobs?q=go&vjk=310e1eb445a9c577,Domestic Appliances - Consumer Marketing...,Philips,서울,"Functional team) to develop & execute with excellence effective go-to-market strategy, shopper engagement plan and promotion...",
https://kr.indeed.com/jobs?q=go&vjk=70de17e41338f359,Regional Sales Manager - South Korea,EC,서울,Behavioural Competencies... We love what we do * We go the extra mile * We have a can-do mindset * We deliver what we...,
https://kr.indeed.com/jobs?q=go&vjk=8dd1b86baaf78f45,Sales Director,Denodo Technologies,서울,rapidly growing startup environment to grow professionally and go beyond expectations. Duties & Responsibilities Contribute...,
https://kr.indeed.com/jobs?q=go&vjk=373e54a9a8e97385,AppDynamics Senior Sales Specialist,Cisco Systems,서울,first year revenue generators. Create an executable plan to go after the 15 identified accounts. Create a land & expand...,
https://kr.indeed.com/jobs?q=go&vjk=d923590f0e953320,"Go-To-Market Partnerships Manager, Googl...",Google,서울,base of Google Play buyers... Android platform... Go-to-Market (GTM) Partnerships Manager... Google Play...,
https://kr.indeed.com/jobs?q=go&vjk=2d86a39d779f0631,인프라 엔지니어,RIDI Corp,서울,"K8S 등 컨테이너 기반의 서비스 운영 경험이 있으신 분 Python, Node.js, Typescript, GO 등 프로그래밍 경험이 있으신 분 우대사항 Docker, ECS, K8S 등 컨테이너 기반의 서비스 운영...",
https://kr.indeed.com/jobs?q=go&vjk=62a8f9bf4b35eace,민트팟 B2C/B2B 마케팅 경력직,민트팟,서울 서초구,"8. 간식 제공: 일하다 출출할 땐 눈치 보지 말고 민트팟 간식 창고로 Go Go! 9. 조기 퇴근: ""일이 생겨 빨리 들어가 봐야할 거 같아요!"" 그렇다면 조기 퇴근 신청으로 Go! 10. 신규직원 Welcome Box...",
https://kr.indeed.com/jobs?q=go&vjk=002e859c886e20cc,Finance accounting director,KANTAR,서울,"We go beyond the obvious, using... linked to what you deliver. We go beyond the obvious, using intelligence, passion...",
https://kr.indeed.com/jobs?q=go&vjk=d9f87545c0430727,민트팟 소프트웨어 외주 개발 프로젝트 매니저(PM),민트팟,서울 서초구,"가능! 간식 제공: 일하다 출출할 땐 눈치 보지 말고 민트팟 간식 창고로 Go Go! 조기 퇴근: ""일이 생겨 빨리 들어가 봐야할 거 같아요!"" 그렇다면 조기 퇴근 신청으로 Go! 모집분야: 소프트웨어 외주 개발 프로젝트...",
https://kr.indeed.com/jobs?q=go&vjk=e64d2f1e2de938b4,Solutions Architect,Amazon Web Services Korea LLC,서울,"flexible pay-as-you- go model frees our... tackle ambiguous customer requirements, go beyond what they say... what...",
https://kr.indeed.com/jobs?q=go&vjk=913b5d43078ecd90,APAC Sourcing E-Commerce Analyst,3M,서울,Supplier enablement pre Go live and Post Go live for deployment Supplier profiling... smooth go-live... service dip...,
https://kr.indeed.com/jobs?q=go&vjk=dee1c9e840dc5691,Staff Field Applications Engineer,Dolby,서울,Support testing and approbation efforts to meet customer go-to-market timelines without compromising product performance...,
https://kr.indeed.com/jobs?q=go&vjk=85e04b5f7b07298c,Vocational Training Student/Apprentice (...,SAP,서울,"SQL processing and SQL optimization Programming languages: C++, Go, JavaScript, Typescript Experience in Machine Learning...",
https://kr.indeed.com/jobs?q=go&vjk=bf63561e332a73c6,Team Lead - R&D Korea Managed Services,Veeva Systems,서울,"our Professional Services team who provides offsite, post- go-live application administration for R&D Vault customers. You...",
https://kr.indeed.com/jobs?q=go&vjk=b0e256c6cd0c9046,게임프로그래머(서버),Nexon,성남 분당구,"Akka 등 비동기 네트워크 프레임워크 사용 경험이 있으신 분 - Scala, Kotlin, Rust, Go 등의 고성능 정적 타입 언어 사용 경험이 있으신 분 - AWS 등 클라우드 환경에서 상용 서비스 서버를 개발해...",
https://kr.indeed.com/jobs?q=go&vjk=39c3a0efe2be9d9b,HR Leader – HRBP-CD/MKT,Unilever,대한민국,"Difference’. We work... fully independent yet fully integrated Go-To-Market with various MCOs through hubs in US, Europe...",
https://kr.indeed.com/jobs?q=go&vjk=9eb20a620ab4f736,Partner Training - Engagement Program Ma...,Apple,서울,"Apple products and philosophy Creative, collaborative and go - ahead person Fluent English and Korean language skills 설명...",
https://kr.indeed.com/jobs?q=go&vjk=0685c79484a35866,"Customer Engineer, Google for Education...",Google,서울,"Google's Channel Management team to refine technical Go-To-Market engagement and enablement / activation, as well as evolve...",
https://kr.indeed.com/jobs?q=go&vjk=61f75e1fc5deffe4,Sr. Analytics Specialist,Amazon Web Services Korea LLC,서울,Strong data analytics technical knowledge with ability to go deep enough on technical aspects to differentiate between varied...,
https://kr.indeed.com/jobs?q=go&vjk=d7c930674681f845,AE Indirect – Consumer Reseller Online A...,Apple,서울,"right people both inside and outside of Apple... go to person with leadership, you are trusted and comfortable in tough...",
https://kr.indeed.com/jobs?q=go&vjk=857aced59dd116dd,Security Developer (보안 개발자),Toss,서울 강남구,"보안 로그 상관분석 개발 또는 그에 준하는 분석/탐지 기술 개발 경험이 있는 분 - Python, JAVA, Go 등의 프로그래밍 언어에 능숙한 분 # 우대 사항 - 대용량 데이터 기반의 보안시스템(SIEM,ESM,통합보안모...",
https://kr.indeed.com/jobs?q=go&vjk=68a69dd27ac61230,(데이터개발) 데이터 엔지니어,Nexon,성남 분당구,"니터링하고 오류를 감지하는 시스템을 구축 지원자격 - Linux 환경에서 Python, Scala, Java, Go 중 한 가지 이상의 언어로 개발이 가능하신 분 - 자료구조, 알고리즘, 데이터베이스, 분산처리 등 컴퓨터...",
https://kr.indeed.com/jobs?q=go&vjk=7baf10e2cd12e0e9,Project Manager,Dentsu Aegis Network,서울,"복잡한 프로그램과 이커머스 (전자 상거래) 응용 프로그램의 구현을 관리하는 경험. 3. UAT, 출시 및 Go-Live 유지 관리 사후를 포함한 전반적인 프로젝트 관리 경험 a) 소프트웨어 환경에서 비즈니스 분석가 및...",
https://kr.indeed.com/jobs?q=go&vjk=fbe5db4cc3c321b7,Business Strategy Consultant,IBM,서울,Transformation 2. Good understanding of digital business models/ Go-to market strategy from value proposition design through...,
https://kr.indeed.com/jobs?q=go&vjk=6f7172500c2b1d55,Site Reliability Engineer(SRE),리얼텍세미콘덕터코페레이션코리아오피스,서울 강남구,"3. Familiar... least two programming language: C, C++, Java, Go 4. Good Shell script skill... least one scripting...",
https://kr.indeed.com/jobs?q=go&vjk=e22e40671883ff75,Lead Sales Rep,Success Korea,서울 강남구,"strategies including product portfolio, positioning, pricing, go-to-market strategies and incentive plans for product...",
https://kr.indeed.com/jobs?q=go&vjk=c4d3e98afb769c66,"Manager, Retail Marketing","Under Armour, Inc.",서울,"seasonal marketing plan, creative concept and elements of go-to-marketing planning in partnership... brand marketing...",
https://kr.indeed.com/jobs?q=go&vjk=416f154ba5b9df70,"Field Sales Representative, Independent...",Google,서울,"transformation. Familiarity with software solution building, go-to-market, valuation and pricing of SaaS products. About...",
https://kr.indeed.com/jobs?q=go&vjk=4b2d5c3cde1ea0ef,Digital Transformation Lead (Director),PTC,서울,"tools and techniques, and influencing thought leadership and go-to-market activities. Day-To-Day Partner with Field Sales...",
https://kr.indeed.com/jobs?q=go&vjk=d2b58558955539f2,Prism - Quality Executive,KANTAR,서울,"We go beyond the obvious, using intelligence, passion and creativity to inspire new thinking and shape the world we live...",
https://kr.indeed.com/jobs?q=go&vjk=4917e4bd177a9b06,Account Manager,CX Customer Experience,서울,work/develop the partner ecosystem to enable a stronger go-to-market approach to increase market coverage. Demonstrate...,
https://kr.indeed.com/jobs?q=go&vjk=38c261d78c6e97a9,서버개발,아프리카TV,경기도 성남,"네트워크 프로토콜(TCP/UDP,RTMP,HLS,MPEG-DASH,WebRTC 등)에 대한 이해가 있으신분 - Go, Nodejs, Typescript, Java등 다양한 언어의 경험이 있으신 분 - Docker, K8S...",
https://kr.indeed.com/jobs?q=go&vjk=276ba00b82cb9de1,M1A2 Track Mechanic - Camp Carroll (Daeg...,ASO,대한민국,"Alaska Native Corporation (ANC), 100% of our company’s profits go back to our 14,300 Iñupiat shareholders that have resided...",
https://kr.indeed.com/jobs?q=go&vjk=d53c1e2dbb7cf02c,Associate Solutions Architect,Amazon Web Services Korea LLC,서울,"abundance of technology, coupled with flexible pay-as-you- go model frees our customers' mental and financial capacity...",
https://kr.indeed.com/jobs?q=go&vjk=c066ccfad611b2d9,Personnel Security Support Specialist (P...,Huntington Ingalls Industries Inc.,경기도 평택,"Together, we are an integral part of an important mission - we go to work every day... knowledge and pride that our...",
https://kr.indeed.com/jobs?q=go&vjk=d6207e48dc252ce8,Marketing Executive,Elsevier,대한민국,"written and spoken English • Agile, proactive and able to go above & beyond the call of duty • Detailed oriented with strong...",
https://kr.indeed.com/jobs?q=go&vjk=1961cdd73f62c880,"Specialized Solutions Architect III, DW",Amazon Web Services Korea LLC,서울,"flexible pay-as-you- go model frees our... highly ambiguous customer requirements, go beyond the immediately stated needs...",
https://kr.indeed.com/jobs?q=go&vjk=27b9e5bd2c53dc36,"Customer Engineer, SAP, Google Cloud",Google,서울,"solutions, including assets to enable the go-to-market teams, and provide field... Assist the SAP Go-to-Market (GTM) team...",
https://kr.indeed.com/jobs?q=go&vjk=774cd2228c493d54,Partner Solutions Architect,Amazon Web Services Korea LLC,서울,"flexible pay-as-you- go model frees our... highly ambiguous partner requirements, go beyond the immediately stated needs...",
https://kr.indeed.com/jobs?q=go&vjk=748584801c657a03,Executive Technology Partner - Amazon We...,Amazon Web Services Korea LLC,서울,flexible pay-as-you- go model frees our... other skill where you will become a go-to person within your larger organization...,
https://kr.indeed.com/jobs?q=go&vjk=c4e70a5a5414dc63,"Manager, E-Commerce",Newell Brands,서울,agility capabilities. Job Duities: Build and implement the go-to-market strategy by category for Korea – Collaborates...,
https://kr.indeed.com/jobs?q=go&vjk=54a5825972ce712a,"자유학년(2학기)프로그램 강사 (영어회화, 뮤지컬, 미술, 디자인",무학중학교,서울 성동구,가. 모집 분야 및 인원 - 주제선택활동: 영어(영어 회화) 1명 - 예술활동: 음악(Let's go! 뮤지컬) 1명 미술(생활 속의 미술) 1명 미술(디자인) 1명 나. 모집 세부 사항 - 공고 기간: 2021년 5월 27...,
https://kr.indeed.com/jobs?q=go&vjk=34f896f776c93cb1,[틱톡] 하반기 각 부문별,바이트댄스,서울 중구,3. Define go-to-market (GTM) strategy for TikTok's ever-evolving ads product. Instrumental in setting go-to-market strategy...,
https://kr.indeed.com/jobs?q=go&vjk=7af64be2575caa06,넷크루즈 전 부문 경력직,넷크루즈,서울 구로구,엔진 개발 가. 자사 솔루션 제품 개발 나. 경력 : 대리 이상자 다. 인원 : 3명 가. Java 능숙자 나. Go 능숙자 다. Python 능숙자 라. 분산 처리 능숙자 마. 대용량 처리 능숙자 바. OSS 사용 및 운영...,
https://kr.indeed.com/jobs?q=go&vjk=c14b6d6c1bc5a2d3,Stock Clerk,ASO,대한민국,"Alaska Native Corporation (ANC), 100% of our company’s profits go back to our 14,300 Iñupiat shareholders that have resided...",
https://kr.indeed.com/jobs?q=go&vjk=5cf11f8378440265,Head of Go-to-Market Strategy and Operat...,Google,서울,ideas into future-growth initiatives... Go-to-Market (GTM) team... global... head a country Go-To-Market Strategy...,
https://kr.indeed.com/jobs?q=go&vjk=a89410fc1e23b7b5,"Field Service Engineer, Korea",Cepheid,서울,"implementation to customer go-live (patient reporting) by following the ready set- go program for verification, validation...",
https://kr.indeed.com/jobs?q=go&vjk=7afed61a04574d71,Associate Program (2021 Intake),AlphaSights,서울,"one another, and celebrating wins together. Our alumni go... join some... world's most prestigious companies or pursue...",
https://kr.indeed.com/jobs?q=go&vjk=3dd5c2e429a10df5,Associate Program (2021 Intake),AlphaSights Ltd.,서울,"one another, and celebrating wins together. Our alumni go... join some... world’s most prestigious companies or pursue...",
https://kr.indeed.com/jobs?q=go&vjk=c382936f8b6384fe,영상 제작자 경력직,공팔리터,서울 강남구,공팔리터 알아보기 Go 미디어·문화·스포츠>방송제작·연출·촬영·기자>영상물편집|미디어·문화·스포츠>방송제작·연출·촬영·기자>촬영·카메라|미디어·문화·스포츠>방송제작·연출·촬영·기자>방송기획·제작·편성,
https://kr.indeed.com/jobs?q=go&vjk=0f139e8552caa762,매치메이킹 서버 개발,Nexon,성남 분당구,"용하여 개발되었습니다. - AWS ECS - AWS Lambda - Go - Python - Redis 사용자의 몰입도를 높이는 매치메이킹... 언어(Python, C++, C#, Go 등)에 숙련된 프로그래밍 능력...",
https://kr.indeed.com/jobs?q=go&vjk=3c9bc006facb8251,Internship for Regional Office for Asia,Global Green Growth Institute,서울,"administration support Support to monthly/quarterly reporting in GO Support to meeting arrangements, drafting of meeting...",
https://kr.indeed.com/jobs?q=go&vjk=c4a71d3441b4b841,"Manager, International Student Recruitme...",ApplyBoard,서울,quota achievement Experience with building and implementing a Go-to-Market strategy Having a successful track record of B2B...,
https://kr.indeed.com/jobs?q=go&vjk=69895eaf7d9337ba,브랜드마케팅팀-Brand Communication Planner & St...,라이나생명,서울 청진동,digital SOV (미디어 노출 점유율) 제고 -당사 신규 성장 동력 비즈니스의 브랜드 전략 수립 및 go-to market 전략 중 커뮤니케이션 전략 수립을 통한 성공적 시장진입 지원 -커뮤니케이션 채널 별 컨텐츠...,
https://kr.indeed.com/jobs?q=go&vjk=2ee53e9ac168b374,(신입가능)풀스택 웹서비스 개발자,체인랩스,서울 강남구,React Vue JQuery (다음 중 한가지 이상 가능)Back-end: NodeJS Java/Kotlin Go PHP (다음 중 한가지 이상 가능)[근무부서 및 직급/직책]근무부서: 개발직급/직책: 사원 [자격요건]경력...,"연봉 30,000,000원 - 35,000,000원"
https://kr.indeed.com/jobs?q=go&vjk=edf7b05fa6a3a74b,캐논코리아비즈니스솔루션(주) 생산직 ※6월『목요일에 희망 잡(Job)고(...,캐논코리아비즈니스솔루션,안산 단원구,입소가능 인원이 제한될 수 있음. 기숙사 입소 희망자는 사전 문의 요망) 1년 계약직6월『목요일에 희망 잡(Job)고( Go)』(온라인 비대면) - 일 시 : 2021.06.03 (목) - 지원방법 : 워크넷 또는 이메일 제출...,
https://kr.indeed.com/jobs?q=go&vjk=9d1832648fe5a88d,Data Center Regional Mechanical Engineer...,Amzn Corporate Services Korea,서울,through site improvement and maintenance. You... go to’ engineering resource for your region when technical advice...,
https://kr.indeed.com/jobs?q=go&vjk=bb83c43105705a91,[공팔리터] 서비스 기획자,공팔리터,서울 강남구,공팔리터 알아보기 Go 인터넷·IT·통신·모바일·게임>웹디자인>UI·UX디자인|인터넷·IT·통신·모바일·게임>웹기획·웹마케팅·PM>웹서비스기획,
https://kr.indeed.com/jobs?q=go&vjk=3514280e8c493cce,컨텐츠 에디터 경력직,공팔리터,서울 강남구,공팔리터 알아보기 Go 마케팅·광고·홍보·조사>마케팅>마케팅기획|마케팅·광고·홍보·조사>홍보·PR·전시·컨벤션>SNS 운영|마케팅·광고·홍보·조사>홍보·PR·전시·컨벤션>홍보|마케팅·광고·홍보·조사>홍보·PR·전시·컨벤션>홍보기획,
https://kr.indeed.com/jobs?q=go&vjk=e870554ad7dea40a,Apple Diversity Program - 장애인 채용,Apple,서울,"everyone else at Apple... passion and hard work, you can't go wrong... specific work content, we will ask you about...",
https://kr.indeed.com/jobs?q=go&vjk=9a9ed3861679d7ab,"Privacy Lead, Go-to-Market (Korean, Engl...",Google,서울,job The APAC Go-to-Market (GTM) team... enabled to support Privacy solutions... Go-to-Market Operations (GtM) team...,
https://kr.indeed.com/jobs?q=go&vjk=5c51b0f87d81eab5,[Hitachi-LG Data Storage] 온라인마케팅부문 경력사원,히타치엘지데이터스토리지코리아,서울 금천구,"지원 바랍니다. 모집부문 및 자격요건 담당업무자격요건인원 Digital Marketing PM (국내/해외)- Go-to-Market 전략수립 - 이커머스 운영 기획/관리- 디지털 캠페인 기획, 실행,관리- 매체별 마케팅...",
https://kr.indeed.com/jobs?q=go&vjk=a1a2c269f1f405c0,"Reporter, Samsung",Dow Jones,서울,"current employee at Dow Jones, do not apply here. Please go... Career section on your Workday homepage and view ""Find...",
https://kr.indeed.com/jobs?q=go&vjk=8fb18cf3f080a2f8,"Country Operations Manager, Strategy & O...",Google,서울,"Strategy & Operations organization, within Go-to-Market (GTM), provides business... both Google’s go to market organization...",
https://kr.indeed.com/jobs?q=go&vjk=634bb1f5a4ecd428,"블록체인 , 거래소 개발자",알라딘글로벌알앤디센터,서울 강남구,"입출금 플랫폼[근무부서 및 직급/직책]근무부서: 거래소 개발자 채용 [자격요건]ㆍJava , Node , Go , Python 등 1개 이상의 언어 개발 경험 ㆍBCT , ETH , EOS 등 블록체인 코인데몬 기술 경험...",
https://kr.indeed.com/jobs?q=go&vjk=3b2096e40565be6f,"Intern, CPD (Internship)",ERM Group,서울,Presentation material preparation... client meeting or Go to market material for broad ERM services. Excellent Korean...,
https://kr.indeed.com/jobs?q=go&vjk=1806287902a1a36e,[데이터센터] (경력/신입) 카카오 데이터센터 Data Scientist...,카카오,성남 판교역,"술로 남기지 않고, 기술이 비즈니스 가치로 변모할 수 있는 그 가능성에 집중합니다. 지원자격 필수사항 Go, Python, Scala, Java, C/C++ 중 하나 이상의 언어에 능숙하신 분 SQL 또는 HiveQL...",
https://kr.indeed.com/jobs?q=go&vjk=ccf8220ee1cd4011,Supply Technician,ASO,대한민국,"Alaska Native Corporation (ANC), 100% of our company’s profits go back to our 14,300 Iñupiat shareholders that have resided...",
https://kr.indeed.com/jobs?q=go&vjk=da6abf4f518f7079,컨텐츠 디자이너 경력직,공팔리터,서울 강남구,공팔리터 알아보기 Go 디자인>광고·CG·시각디자인>광고디자인|디자인>광고·CG·시각디자인>영상광고디자인|디자인>광고·CG·시각디자인>시각디자인,
https://kr.indeed.com/jobs?q=go&vjk=3a971b518fef36bf,Application Scientist,Oxford Instruments Plc,서울,providing regular contact and developing self as technical “ go to person” within the industry and projecting a professional...,
https://kr.indeed.com/jobs?q=go&vjk=68a531c12bf2e0ee,"인공지능(AI)서비스기획, 시스템엔지니어 외 경력 정규직",드래곤에이치알,서울 서초구,Java / NodeJS / Go 중 1가지 이상의 Server-side... 응용프로그래밍기타: [Required]- Java / NodeJS / Go 중 1가지 이상의 Server-side 언어에 대하여 중급 이상의 구현...,
https://kr.indeed.com/jobs?q=go&vjk=6534c2cfc3ca0cec,Facilities Engineer - Camp Carroll,ASO,대한민국,"Alaska Native Corporation (ANC), 100% of our company’s profits go back to our 14,300 Iñupiat shareholders that have resided...",
https://kr.indeed.com/jobs?q=go&vjk=d15a6ebad79f93f6,Managed Services Consultant - R&D,Veeva Systems,서울,"Services team who provides offsite, post- go-live application administration for R&D... ll Do Provide post- go-live administrative...",
https://kr.indeed.com/jobs?q=go&vjk=51b4e827f462c42b,2021년 하반기 신입 연구원 채용,KANTAR,서울,"We go beyond the obvious, using intelligence, passion and creativity to inspire new thinking and shape the world we live...",
https://kr.indeed.com/jobs?q=go&vjk=039fc77a91506cf6,Consumer Insights Analyst (Temporary Con...,Philip Morris International,서울,"10, Gukjegeumyung-ro, Yeongdeungpo-gu, Seoul, Korea HOW TO APPLY • Go PMI career site... pmi.com/careers"" and set ‘South...",
https://kr.indeed.com/jobs?q=go&vjk=005bbfb98b79c71f,SDR Korea,Software AG,서울,AG if you enjoy environments that change as we evolve our Go-To-Market and adapt to cater... changes of our customer...,
https://kr.indeed.com/jobs?q=go&vjk=e4728330392aeeea,단기간에 큰돈벌수 있는 Go수익 대박기회 일자리,배달돼지,고양 성석동,"업종 광고, 홍보 자본금 1억 기업형태 일반기업 매출현황 2억 대표자 신소정 사원수 8명 회사주소 경기도 고양시 일산동구 고봉로278번길 16 경기도 고양시 일산동구 성석동 1061번지 14호 저희 와이엠컴퍼니에서 사업확장으...",
https://kr.indeed.com/jobs?q=go&vjk=a17f778ea31b3bd8,Commercial Lead (Marketing focus) - Kore...,IHG Corporate,서울,bring your individual skills to IHG. To find out more about us or any other jobs with IHG please go... careers.ihg.com,
https://kr.indeed.com/jobs?q=go&vjk=8e79b05a3428b43d,Head of Korea Marketing,Cisco Systems,서울,"success. Significant experience marketing through multiple go-to-market channels including resellers, systems integrators...",
https://kr.indeed.com/jobs?q=go&vjk=726c0de2bccfad9a,Customer Support Inside Sales,Oxford Instruments Plc,서울,providing regular contact and developing self as technical “ go to person” within the industry and projecting a professional...,
https://kr.indeed.com/jobs?q=go&vjk=7d72ef2d6f005102,Commercial Finance Analyst,GE Healthcare,서울,"analyze business performance and provide recommendations for go-to-market strategy, partner with CCS product teams...",
https://kr.indeed.com/jobs?q=go&vjk=d04c67706e58dade,People Programs - Sales training and cre...,Apple,서울,"Apple products and philosophy Creative, collaborative and go - ahead person Fluent English and Korean language skills 설명...",
https://kr.indeed.com/jobs?q=go&vjk=00aa89377b55e8fb,Clerk-Reservations,"Marriott International, Inc",서울,"Located Remotely? N At Sheraton, we go above and beyond in everything we do. We... who is ready to go beyond in everything...",
https://kr.indeed.com/jobs?q=go&vjk=defe2aadf07e104a,Distributor Management Manager,BD,서울,Chain Logistics to ensure continuity... over all Go-to-Market Strategy Plan. The role is responsible... development...,
https://kr.indeed.com/jobs?q=go&vjk=ce7849f8b35e1c3e,Technical Enablement Manager,DataDog,서울,"etc.. Scripting languages like Python, Javascript, Ruby, Perl, Go, PHP, or Chef/Puppet etc.. Why You Should Apply: Generous...",
https://kr.indeed.com/jobs?q=go&vjk=b86da88c2546f564,"Software Engineer, University Graduate",Google,서울,"including... limited to: Java, C/C++, Python, JavaScript, or Go. Experience working with one or more from the following...",
https://kr.indeed.com/jobs?q=go&vjk=109e35bbb42bb104,민트팟 소프트웨어 외주 개발 프로젝트 매니저(PM) 인턴,민트팟,서울 서초구,"7. 간식 제공: 일하다 출출할 땐 눈치 보지 말고 민트팟 간식 창고로 Go Go! 8. 조기 퇴근: ""일이 생겨 빨리 들어가 봐야할 거 같아요!"" 그렇다면 조기 퇴근 신청으로 Go! 9. 신규직원 Welcome Box 제공...",
https://kr.indeed.com/jobs?q=go&vjk=ec878a705a5a52a8,기계설계직 (3년이내 신입),두구코리아,경기도 시흥,"트로닉스공학) 졸업자, CAD 사용가능자- 근무시간 : 8:30~17:30 주 5일**시흥 스마트 청년Job- Go 참여기업 [근무시간 및 형태] 주 5일 근무 (오전) 8시 30분~(오후) 5시 30분 주소정근로시간 : 40...","연봉 24,000,000원 - 25,000,000원"
https://kr.indeed.com/jobs?q=go&vjk=e2e6af7730efb58e,UX/UI기획자 경력직,공팔리터,서울 강남구,공팔리터 알아보기 Go 인터넷·IT·통신·모바일·게임>웹디자인>UI·UX디자인|인터넷·IT·통신·모바일·게임>웹기획·웹마케팅·PM>웹서비스기획,
https://kr.indeed.com/jobs?q=go&vjk=fe018810190fa042,"Associate, Client Service (Seoul)",Guidepoint,서울,"언어능력과 대인커뮤니케이션 스킬, 탁월한 분석력, 그리고 업무성과 달성과 요구사항에 준수에 대한 책임감 및 "" Go the extra miles"" 와 같은 우수한 역량과 적극적이고 진취적인 태도가 요구됩니다. 가능하면 다양한...",
https://kr.indeed.com/jobs?q=go&vjk=6243c0d31ca9f993,Managing Director,Flash Coffee,서울,"fast... feet and rapidly address situations, work in a high-energy environment... self-starter, go getter attitude",
https://kr.indeed.com/jobs?q=go&vjk=4e327c367b873ea4,Elementary Head Teacher for Internationa...,UFO Consulting,경기도 용인,apostilled... nationwide criminal background check READY TO GO Korean Citizens: We are currently taking applications...,
https://kr.indeed.com/jobs?q=go&vjk=d67455aa6c39f28e,(데이터개발) 분석플랫폼 엔지니어,Nexon,성남 분당구,"패키지 라이브러리 모듈 개발 및 운영 지원자격 - Linux 환경에서 Python, Scala, Java, Go 중 한 가지 이상의 언어로 개발이 가능하신 분 - 자료구조, 알고리즘, 데이터베이스, 분산처리 등 컴퓨터...",
https://kr.indeed.com/jobs?q=go&vjk=b51f7378e367a91c,(데이터개발) 백엔드 엔지니어,Nexon,성남 분당구,"인을 파악하고 수정할 수 있는 환경 구축 지원자격 - Linux 환경에서 Python, Scala, Java, Go 중 한 가지 이상의 언어로 개발이 가능하신 분 - 자료구조, 알고리즘, 데이터베이스, 분산처리 등 컴퓨터...",
https://kr.indeed.com/jobs?q=go&vjk=bdf0d167d777b1a1,민트팟 UI 디자이너 경력,민트팟,서울 서초구,"7. 간식 제공: 일하다 출출할 땐 눈치 보지 말고 민트팟 간식 창고로 Go Go! 8. 조기 퇴근: ""일이 생겨 빨리 들어가 봐야할 거 같아요!"" 그렇다면 조기 퇴근 신청으로 Go! 9. 신규직원 Welcome Box 제공...",
https://kr.indeed.com/jobs?q=go&vjk=7609462290636e5d,지스트 블록체인인터넷경제연구센터 계약직(박사급 연구원),광주과학기술원,광주 북구,연구·개발·하드포크 1) 박사 이상 졸업자 2) SW프로그래밍 제작 경험자 3) Python/C/Java/ Go 프로그래밍 가능자 우대사항 ① 국가보훈대상자(취업보호대상자) 및 장애인은 관련 법령에 의거하여 우대...,
https://kr.indeed.com/jobs?q=go&vjk=d46a9302434b916a,Business Development Manager,Success Korea,서울,optimize Korea BD Resources - Develop GTM ( Go To Market) strategies for business... CDNs) etc... ability to go deep enough...,
https://kr.indeed.com/jobs?q=go&vjk=b124b3b5d059541f,Kids Cafe Manager for Bilingual Candidat...,Crevill Kid's Factory,경기도 성남,apostilled... nationwide criminal background check READY TO GO Candidates must have previous management experience...,
https://kr.indeed.com/jobs?q=go&vjk=7cb7669fa35930b6,전자/제조부문 B2B 컨설팅 전문가,Success Korea,서울,직무 Position Summary O. 고객사 B2B 사업 역량 강화를 위한 B2B 상품기획 및 GTM ( Go-to-Market) 실행지원 컨설팅 수행 - B2B 상품기획 컨설팅 : 고객사의 솔루션 기획 및 오퍼링 개발...,
https://kr.indeed.com/jobs?q=go&vjk=52d0f70f0437884d,Part-time Primary School Substitute Teac...,Dulwich College Seoul,대한민국,"may be made before the application deadline. To apply, go to https... dulwich.org/careers and lodge your application...",
https://kr.indeed.com/jobs?q=go&vjk=9d1700f4783d53e0,Cloud System Engineer (3년이상),Success Korea,서울,"경험 - SRE(Site reliability Engineers) 경험 - 스크립팅 역량 보유 (Python, Go, Shellscript 등) - Terraform, Ansible, SaltStack, CDK 구축 및 운영...",
https://kr.indeed.com/jobs?q=go&vjk=674370fd38bce0dd,지스트 블록체인경제센터(강남소재) 계약직(연구원),광주과학기술원,광주 북구,드포크 1) 4년대 대학 이상 졸업자 2) SW프로그래밍 제작 경험자 3) Python/C/Java/ Go 프로그래밍 가능자 우대사항 ① 국가보훈대상자(취업보호대상자) 및 장애인은 관련 법령에 의거하여 우대 ② 블록...,
https://kr.indeed.com/jobs?q=go&vjk=794e209e405f4fc0,지스트 블록체인경제센터(강남소재) 계약직연구원,광주과학기술원,광주 북구,록체인 개발 블록체인 경제 블록체인 하드포크 1) SW프로그래밍 제작 경험자 2) Python/C/Java/ Go 프로그래밍 가능자 우대사항 ① 국가보훈대상자(취업보호대상자) 및 장애인은 관련 법령에 의거하여 우대...,
https://kr.indeed.com/jobs?q=go&vjk=0741c003e03b6297,Elementary School Literature Teacher Nee...,Korea International Christian School,인천,apostilled... nationwide criminal background check READY TO GO 4. Job Overview Working Hours: 8:30 AM-5:30 PM Age...,
https://kr.indeed.com/jobs?q=go&vjk=23a27fb2144b9e8a,Cheongju Bilingual Manager at a Kids Caf...,Crevill Kid's Factory,충청북도 청주,apostilled... nationwide criminal background check READY TO GO Korean Citizens: We are currently hiring Korean...,
https://kr.indeed.com/jobs?q=go&vjk=ceea9006a76afc25,Public Sector Business Development Execu...,Success Korea,서울,"computing and virtualization, storage systems with ability to go deep enough on technical aspects to differentiate between...",
https://kr.indeed.com/jobs?q=go&vjk=bf81a76d427b72ef,Sous Chef,"Marriott International, Inc",인천,"Located Remotely? N At Sheraton, we go above and beyond in everything we do. We... who is ready to go beyond in everything...",
https://kr.indeed.com/jobs?q=go&vjk=18848cd6c6f44fbe,S/W Engineering Efficiency,Success Korea,성남 분당구,"이와 동등한 수준의 실무 경험 - Java, C/C++, Python, Go, Haskell과 같은 프로그래밍 언어를 이용한 1년 이상의 실무 경험... 있는 분 - Java, Python, Go, Haskell와 같은 언어에서...",
https://kr.indeed.com/jobs?q=go&vjk=32454c56d12285d5,Kindergarten-Middle School Teacher for S...,Poly Daejeon,대전,apostille (issued within 6 months) ready to go F-4 Visa Holders F-4 visa holders... check READY TO GO 3. Visa Sponsorships...,
https://kr.indeed.com/jobs?q=go&vjk=1897784e4041d839,Sr Database Specialist Solutions Archite...,Amazon Web Services Korea LLC,서울,"sales, business development, and product teams to execute a go to market strategy, ensure success of our most complex...",
https://kr.indeed.com/jobs?q=go&vjk=58ead3610b119e16,"Senior Software Engineer, Messaging Serv...",Sendbird,서울,"인프라 위에 안정적이고 효율적인 서비스 설계 및 구축 핵심 자격요건 Python, Java, Kotlin, Go, C++ 등 서버 사이드 프로그래밍 언어의 활용 능력 실시간 시스템 개발, 배포 및 유지보수 경력 3년 이상...",
https://kr.indeed.com/jobs?q=go&vjk=e4efb05bff0fdb31,"Business Development specialist , Interv...",Success Korea,서울 강남구,skills and knowledge... entire product line... go-to person... entire franchise portfolio Make regular...,
https://kr.indeed.com/jobs?q=go&vjk=d49424e24863a852,"Principal, Machine Learning Engineer, Te...",Coupang,서울,set and would like to explore new territory of technology and go deep on domain knowledge Ability to think outside-the-box...,
https://kr.indeed.com/jobs?q=go&vjk=7b6fe5f57be08c95,"Solution Architect for Cloud and Media,...",Success Korea,서울 강남구,"objectives. - Open, winning and go-getter attitude, organized and structured, an... Open, winning and go-getter attitude...",
https://kr.indeed.com/jobs?q=go&vjk=83d96d5f6f820e5a,Kindergarten Teacher Needed Shorter Work...,Danbi English,경기도,copy of your university diploma with apostille READY TO GO Couples are free to apply! F-series Visa Holders We only accept...,
https://kr.indeed.com/jobs?q=go&vjk=06536e77c7eb65c0,Kindy-Elementary Teacher,POLY Pohang,경상북도 포항,diploma apostilled... nationwide criminal background check READY TO GO 3. Visa Sponsorships We sponsor E-2 visas. 4...,
https://kr.indeed.com/jobs?q=go&vjk=2c591578f96b5817,Senior Marketing Specialist,Success Korea,서울,"strategies including product portfolio, positioning, pricing and go-to-market strategies ? Conduct new product launch...",
https://kr.indeed.com/jobs?q=go&vjk=185a8c72cefbf3c0,Sr. Marketing Manager,Success Korea,서울 강남구,e-marketing * Tactical marketing mixes to maximize the go to market... region * Meeting strategy ? trade shows...,
https://kr.indeed.com/jobs?q=go&vjk=dd88e5b0ad34d8ad,Inside Sales Senior Representative,Success Korea,서울,having successful experience in multi channel go to market models - Knowledge... multi channel go to market models...,
https://kr.indeed.com/jobs?q=go&vjk=264c652c5a494bda,"Account Executive, Enterprise Sales(Manu...",Salesforce,서울,"existing accounts. Territory identification and research, go to market territory strategy and create qualified target account...",
https://kr.indeed.com/jobs?q=go&vjk=3da2537c07ea7706,Platform server 개발자,Success Korea,성남 분당구,"Java / scala (이외 C++, Go, Python 등)를 이용한... 첨부 파일 사용) 자격요건 -Java / scala (이외 C++, Go, Python 등)를 이용한 서버 개발 경력 3년 이상이신 분 -오픈소스...",
https://kr.indeed.com/jobs?q=go&vjk=6cb9a1d1cc495154,Wholesale Merchandise Manager,Success Korea,서울,utilizing the accurate demand planning and supply planning. Go-To-Market (GTM) Vision: - Support the design of Global...,
https://kr.indeed.com/jobs?q=go&vjk=2d3b46ae216a36ef,Enterprise Account Executive (APAC),MongoDB,서울,"also in our sales go-to-market strategy... how we can continue to "" Think Big and Go Far... crucial part... Sales...",
https://kr.indeed.com/jobs?q=go&vjk=94886c04031c7a4b,Field Marketing Manager,Success Korea,서울,"솔루션 및 컨설팅 비즈니스에 대한, Go-To-Market Planning... 제품 마케팅 및 GTM 경험자 -Industry Knowledge -“ Go-To-Market” planning and execution which...",
https://kr.indeed.com/jobs?q=go&vjk=3d594f8990d3a797,Cloud System Engineer,Success Korea,서울,"CD 구축 및 운영 경험자 우대사항 : - e커머스 서비스 운영 경험자 - 스크립팅 가능자 (Python, Go, Shellscript) - Cloudformation, Ansible, Terraform 등 운영 경험자...",
https://kr.indeed.com/jobs?q=go&vjk=1c42dc80b6753bc9,시스템 백엔드 개발자,Success Korea,서울 충무로역,블록체인 관련 기업 근무자 - 블록체인 기반 시스템 구축 경험자 우대 - Go Lang 경험자 우대 - DID 개발 경험자 우대 - 전공 : 전산학... 기반 시스템 구축 경험자 우대 - Go Lang 경험자 우대 - DID...,
https://kr.indeed.com/jobs?q=go&vjk=929d632e54664365,DevOps 엔지니어(과장~차장급),TV홈쇼핑,성남 판교역,"클라우드 구축 경험 - 다음 중 하나의 언어를 이용한 업무 자동화 기능 : Python, Node.js, Go - 클라우드 기반 시스템 구축 & 운영 자동화 경험 (Ansible, Chef, AWS cloudFormation...",
https://kr.indeed.com/jobs?q=go&vjk=59de9b0a8a6b03ca,마케팅,Success Korea,서울 논현동,"채용제목 마케팅 (지원마감) 회사소개 Cloud Service 기업 업무내용/자격요건 담당직무... 시장조사, Go-To-market 전략 기획 - 파트너 매출분석/프로그램 기획 및 신규 솔루션파트너 발굴 - 연/분기별 사업계획...",
https://kr.indeed.com/jobs?q=go&vjk=6f9929afd9517025,웹-프론트엔드 개발자,Success Korea,서울 충무로역,블록체인 관련 기업 근무자 - 블록체인 기반 시스템 구축 경험자 우대 - Go Lang 경험자 우대 - DID 개발 경험자 우대 - 전공 : 전산학... 기반 시스템 구축 경험자 우대 - Go Lang 경험자 우대 - DID...,
https://kr.indeed.com/jobs?q=go&vjk=81058841f63e9963,Product 마케팅(ASAP),Success Korea,서울 논현동,"Cloud Service 기업 업무내용/자격요건 담당직무 공통 Job Description - IT 시장조사, Go-To-Market 전략기획 - Budget management 및 연/분기별 사업계획, 마케팅 전략 수립...",
https://kr.indeed.com/jobs?q=go&vjk=5aa7318a62f3ed90,마케팅 지원 3명,Success Korea,서울 논현동,"지원 3명 (지원마감) 회사소개 Cloud Service 기업 업무내용/자격요건 담당직무... 시장조사, Go-To-market 전략 기획 - 파트너 매출분석/프로그램 기획 - 연/분기별 사업계획, 마케팅 전략 수립 및...",
https://kr.indeed.com/jobs?q=go&vjk=de02498698b3c239,Back-end Developer 백엔드 개발자 (JAVA),Peer,서울 강남구,"Docker 컨테이너 활용 경험 사용자 인증 메커니즘에 대한 이해 및 암호화 관련 개발 경험 Python, Go, Scala, C, Java 언어 실무 경험이나 다양한 언어 사용에 부담 없는 분 Micro service...",
https://kr.indeed.com/jobs?q=go&vjk=d7fce0a8b6bccdc7,[ASAP] IT Product Marketing,Success Korea,서울,"Marketing (지원마감) 회사소개 Cloud Service 기업 업무내용/자격요건 담당직무... 시장조사, Go-To-Market 전략기획 - 연/분기별 사업계획, 마케팅 전략 수립 및 시행 - 마케팅 예산 편성...",
https://kr.indeed.com/jobs?q=go&vjk=881274702870ae0e,웹 개발자 및 클라우드 서비스 개발자,SW개발전문회사,서울 목동,"클라우드 서비스 API와 연계된 서비스를 개발 - 배포, 빌드, 테스트 자동화와 관련된 DevOps 개발 - Go, Python, JS(Angular/React) 등을 이용한 웹 애플리케이션 개발 [전형절차] 서류, 면접 1...",
https://kr.indeed.com/jobs?q=go&vjk=979cbbb1baf0e9d0,APAC Server Regional Marketing Manager 1,"Advanced Micro Devices, Inc.",서울,"people who understand collaboration, respect, and who will go the “extra mile” to achieve unthinkable results. It takes...",
https://kr.indeed.com/jobs?q=go&vjk=e55bbd029fd616d6,IT Product Marketing,Success Korea,서울,"Marketing (지원마감) 회사소개 Cloud Service 기업 업무내용/자격요건 담당직무... 시장조사, Go-To-Market 전략기획 - 연/분기별 사업계획, 마케팅 전략 수립 및 시행 - 마케팅 예산 편성...",
https://kr.indeed.com/jobs?q=go&vjk=43a7290ab0c27eb1,DID 솔루션 개발자,Success Korea,서울 충무로역,블록체인 관련 기업 근무자 - 블록체인 기반 시스템 구축 경험자 우대 - Go Lang 경험자 우대 - DID 개발 경험자 우대 - 전공 : 전산학... 기반 시스템 구축 경험자 우대 - Go Lang 경험자 우대 - DID...,
https://kr.indeed.com/jobs?q=go&vjk=1d822274081e9d33,웹-백엔드 개발자,Success Korea,서울 충무로역,블록체인 관련 기업 근무자 - 블록체인 기반 시스템 구축 경험자 우대 - Go Lang 경험자 우대 - DID 개발 경험자 우대 - 전공 : 전산학... 기반 시스템 구축 경험자 우대 - Go Lang 경험자 우대 - DID...,
https://kr.indeed.com/jobs?q=go&vjk=29f023eff21a6f01,Cloud Infra Platform Architect (10년 이상),Success Korea,대한민국,"IaC, CI/CD 관련 업무 경험자 ( Terraform, Ansible 등 ) - Java, Python, Go 중 한가지 언어를 능숙하게 사용 - Public/Private Cloud Architect 유 경험자 우대...",
https://kr.indeed.com/jobs?q=go&vjk=b9bd9927b1dba4d9,Product Marketing Manager (PM),Success Korea,서울 양재동,자격요건] - FMCG PM or BM 경력자 (Developing go-to-market strategy) - 4년재 대졸 이상 학력자로 경력 최소... BM 경력자 (Developing go-to-market strategy...,
https://kr.indeed.com/jobs?q=go&vjk=68e584fc44c1d706,"Sales Executive (차,부장급)",Success Korea,대한민국,sales strategy by providing technical information and go to market strategy with Dell's differentiated value positioning...,
https://kr.indeed.com/jobs?q=go&vjk=6243c0d31ca9f993,Managing Director,Flash Coffee,서울,"fast... feet and rapidly address situations, work in a high-energy environment... self-starter, go getter attitude",
https://kr.indeed.com/jobs?q=go&vjk=fecadde2d0281e87,Waiter/ress,"Marriott International, Inc",서울,"flawless table settings, and your friendly demeanor do not go unnoticed. No matter the day, you set out to provide each guest...",
https://kr.indeed.com/jobs?q=go&vjk=afe92c03320fe1b3,카카오 광고 서비스 알고리즘 및 시스템 개발,카카오,성남 판교역,"싶습니다. 지원자격(공통) 하나 이상의 프로그래밍 언어에 익숙한 분 (C/C++, Java, Python, Go, Scala 등) [알고리즘 개발 업무 관련 지원 경우] 데이터 마이닝 또는 머신러닝 지식/경험이 풍부한 분...",
https://kr.indeed.com/jobs?q=go&vjk=e75ea5722d3f8f9a,"Area Vice President,Sales - South Korea",UiPath,서울,execute a comprehensive Go To Market plan... Proven and Successful experience building a go-to-market strategy and corporate...,
https://kr.indeed.com/jobs?q=go&vjk=e43ba8c9cbf1488f,Talent Partner/Recruiter,Veeva Systems,서울,"inside and outside Veeva, to leverage talent attraction Go beyond traditional bounds of recruitment - Talent at Veeva...",
https://kr.indeed.com/jobs?q=go&vjk=813f8fafa3cc3517,Country IT Lead,MSD,서울,"align and simplify. The candidate should understand go-to-market strategies, and have a working experience of Agile...",
https://kr.indeed.com/jobs?q=go&vjk=1f2c97d2ff19c182,Admin Manager,Appsflyer,서울,"We need to make sure that we provide the team... tools and resources they need to go All-In.” Oren Kaniel, CEO",
https://kr.indeed.com/jobs?q=go&vjk=3cce18bf04a308e8,OCONUS Logistics Analyst (Secret Clearan...,Truestone,대한민국,"Alaska Native Corporation (ANC), 100% of our company’s profits go back to our 14,300 Iñupiat shareholders that have resided...",
https://kr.indeed.com/jobs?q=go&vjk=8f34b3c61dd9f3e1,여의도 현대백화점 GO OUT KOREA 아웃도어 라이프 스타일 편집샵,고아웃스토어/현대백화점여의도,서울 영등포구,급여면접시협의 지하철 5호선 여의나루역 1번 출구에서 300M이내 담당업무 채용공고 키워드 여의도 현대백화점 GO OUT KOREA 아웃도어 라이프 스타일 편집샵 [근무조건] 근무요일 : 주5일근무 근무시간 : 10...,
https://kr.indeed.com/jobs?q=go&vjk=ba4474b6e9dc0063,Campaign Operations Manager,Netflix,서울,"our promotional assets for our local Korean titles. You... go-to partner to all cross functional teams, facilitating...",
https://kr.indeed.com/jobs?q=go&vjk=ee64abe502f8ee94,[NAVER Cloud] 가상화 코어 기술 연구 및 개발 (소프트웨어 분...,네이버,서울,"년 이상 실무 경험을 보유하신 분 - Go, C/C++ 등 하나 이상의 언어에 능숙하신 분 - 리눅스 환경에서 GO/C/C++ 개발 기술 - 네트워크... driver 개발 경험 - GO/gRPC 개발 경험 - MP-BGP...",
https://kr.indeed.com/jobs?q=go&vjk=c39d18040425ef53,PostgreSQL 운영 및 데이터베이스 관리자 모집,카카오,성남 판교역,"하는 분 Database 운영 유경험자 ( PostgreSQL 운영 경험이 있으신 분 우대) python, go, bash 등 개발 경험이 있는 분 우대 클라우드 환경의 DB시스템 구축 및 운영 경험이 있는 분 우대 필독...",
https://kr.indeed.com/jobs?q=go&vjk=a95dc5a4c6b81e06,Sales Effectiveness Specialist,Electrolux,서울,preferred). High level of skill for developing channel-fit Go-To-Market strategy. High level of skill for analyzing data...,
https://kr.indeed.com/jobs?q=go&vjk=414333d5da300b4b,"Senior Manager, Sales",Thermo Fisher Scientific,서울,all TDX products across APAC via a direct and channel partner go to market strategy · Development of Annual Operating Plan...,
https://kr.indeed.com/jobs?q=go&vjk=f1037fce960210e2,PLC Engineer,Dürr Korea Inc.,서울,SIEMENS PLC specialist and can handle AB PLC Possible to go business trip Self-starter with ability to lead and motivate...,
https://kr.indeed.com/jobs?q=go&vjk=e8591110acd75e10,Sales Engineer,Denodo Technologies,서울,rapidly growing startup environment to grow professionally and go beyond expectations. Your career with us will combine...,
https://kr.indeed.com/jobs?q=go&vjk=3281a34535101e49,EHS Specialist,ASO,대한민국,"Alaska Native Corporation (ANC), 100% of our company’s profits go back to our 14,300 Iñupiat shareholders that have resided...",
https://kr.indeed.com/jobs?q=go&vjk=1c2dec1a2156f6aa,(데이터개발) API플랫폼 개발자,Nexon,성남 분당구,"service architecture를 구현하고 이를 효과적으로 관리할 수 있는 기반 개발 지원자격 - Java, Go, Python 중 한 가지 이상의 언어를 이용한 웹 서비스 개발 경험이 있으신 분 - MySQL 등의...",
https://kr.indeed.com/jobs?q=go&vjk=85e5ff566f181abe,Attendant-Food & Beverage,"Marriott International, Inc",서울,"work areas throughout the day, practicing clean-as-you- go procedures. Follow all company and safety and security policies...",
https://kr.indeed.com/jobs?q=go&vjk=6d1bbb13443f12e4,"Video Specialist, Kids & Family, YouTube...",YouTube,서울,"GCS) teams as well... YouTube Content Partnerships team, Go-To-Market and Product teams. Our Large Customer Sales teams...",
https://kr.indeed.com/jobs?q=go&vjk=5136730e646ffe7c,"Planner, East Asia",Stryker,서울,Someone who enjoys intellectual and analytical challenges and go beyond * Good command of English in writing and speaking...,
https://kr.indeed.com/jobs?q=go&vjk=4ff1064f183c55b2,Head of Manufacturing Industry Go-To-Mar...,ServiceNow,서울,global go-to-market leader... key partner to ServiceNow’s Sales organization. The Manufacturing Industry Go-To-Market...,
https://kr.indeed.com/jobs?q=go&vjk=8707116b7c660e38,백엔드개발자 경력직,공팔리터,서울 강남구,공팔리터 알아보기 Go 인터넷·IT·통신·모바일·게임>웹프로그래머>백엔드,
https://kr.indeed.com/jobs?q=go&vjk=73e875fb829fa2ac,"Associate, Client Service (Seoul)",Guidepoint Global,서울,"언어능력과 대인커뮤니케이션 스킬, 탁월한 분석력, 그리고 업무성과 달성과 요구사항에 준수에 대한 책임감 및 “ Go the extra miles” 와 같은 우수한 역량과 적극적이고 진취적인 태도가 요구됩니다. 가능하면 다양한...",
https://kr.indeed.com/jobs?q=go&vjk=ab8d4119599c8992,Account Manager,KANTAR,서울,"We go beyond the obvious, using intelligence, passion and creativity to inspire new thinking and shape the world we live...",
https://kr.indeed.com/jobs?q=go&vjk=caf6b0981a3cb897,Brand Sales Specialist - Sterling Supply...,IBM,서울,possible customer pain points Hunter mentality- ready to go out and find new opportunities Self Starter who works well...,
https://kr.indeed.com/jobs?q=go&vjk=420e4d14b1098d9c,Offering Development Manager (부장/이사급),IQVIA,서울,"capabilities internally as well as externally GO-To-Market • Supports Go-to-Market team client interactions, including...",
https://kr.indeed.com/jobs?q=go&vjk=59f602ce017d7b7a,Associate Consultant,Veeva Systems,서울,looking... strong analytical thinker and energetic “ go-getter” to become part of a dynamic team of consulting services...,
https://kr.indeed.com/jobs?q=go&vjk=cce8b22f9e554020,Events Manager,Netflix,서울,"join Netflix... Opportunity We are looking to hire a go-getter, creative events manager who can lead the development...",
https://kr.indeed.com/jobs?q=go&vjk=3da30e596a39f9cb,Software Engineer,Roku,서울,"C/C++, Python, Go, JavaScript · Knowledge... 이상의 컴퓨터 언어에 대한 경험이 있는 분 (C/C++, Python, Go, Javascript) 네트웍과멀티스레딩 프로그래밍에 지식이 있으신 분...",
https://kr.indeed.com/jobs?q=go&vjk=fae02f1199fdd983,2분기 게임 클라이언트 개발자 채용 (신입/경력),이스트게임즈,서울 서초동,"C++, C#, Swift, Objective C, Kotlin, Java, JavaScript, Python, Go. -새로운 프로그래밍 언어를 습득하는데 어려움이 없거나 혹은 흥미를 갖고 있는 분 -게임엔진 사용 경험...",
https://kr.indeed.com/jobs?q=go&vjk=86c49abba0080ff3,Attorney-Adviser (International),US Joint Activities,대한민국,"experience. For additional information, please go... Office of Personnel Management (OPM) and U.S. Department...",
https://kr.indeed.com/jobs?q=go&vjk=6ffaacd92f901426,Service Technician,Vestas,대한민국,"personal and professional skills. In return, we expect you to go the extra mile to achieve results. Additional Information...",
https://kr.indeed.com/jobs?q=go&vjk=419692b3ddb34768,Analytics Specialist,MightyHive,서울,demonstrate strategic thought and client management skills that go beyond platform knowledge. The Role Client Facing Hands...,
https://kr.indeed.com/jobs?q=go&vjk=b4c9dacc3315af02,Sales engineer,Wabtec,서울,impact you are going to make... world. Do you want to go into uncharted waters…do things that haven’t been done to make...,
https://kr.indeed.com/jobs?q=go&vjk=b40f72df400109b8,"Field Commercial Executive (천안) Seoul, S...",Philip Morris International,서울,"Ability to communicate in English preferred HOW TO APPLY • Go PMI career site... pmi.com/careers"" and set ‘South Korea...",
https://kr.indeed.com/jobs?q=go&vjk=1a1fc256d0efa8fa,Bilingual Education Coordinator - Korean...,Crimson Education,서울,"Positive attitude (patience, empathy), Willingness to learn and go the extra mile Experience... Education or professional...",
https://kr.indeed.com/jobs?q=go&vjk=27df7e65f7aa0adc,Account Sales Executive_EPC,Hexagon PPM,서울,"decision makers and buying influencers. Update and Maintain the Go Sell database in line with our selling practices, policies...",
https://kr.indeed.com/jobs?q=go&vjk=1032d817e873d86d,Construction Broker - Korea,Willis Towers Watson,서울,Providing the independent view and challenge around the go/no go and throughout the bidding process Working across...,
https://kr.indeed.com/jobs?q=go&vjk=bec4242ba2d42564,Assistant Supply Planning Manager,Unilever,대한민국,"Difference’. We work... fully independent yet fully integrated Go-To-Market with various MCOs through hubs in US, Europe...",
https://kr.indeed.com/jobs?q=go&vjk=196b64a34ab937b5,Marketing Project Manager,Nike,서울,"member of Brand Planning team. * You will work with GTM ( Go-to-Market), Merchandising, DSM (Demand & Supply Management...",
https://kr.indeed.com/jobs?q=go&vjk=049b2d4b78d14943,Business Development Specialist,Beckman Coulter Diagnostics,서울,"planning, shipment checking, installation arrangement and go-live. Post installation following up to track issues, monitor...",
https://kr.indeed.com/jobs?q=go&vjk=0d80b13a667dfaaa,"Executive, Environmental Control Categor...",Dyson,서울,"group commercial. Deliver product marketing · Develop go-to-market strategy for core and tactical products, collaborate...",
https://kr.indeed.com/jobs?q=go&vjk=186b0b50c98dacc3,Casualty Facultative Underwriter,Swiss Re,서울,"building and engagement Develops and implement broker go-to-market strategy to promote Swiss Re proposition, create pipelines...",
https://kr.indeed.com/jobs?q=go&vjk=6b9f8f5d56b7ef18,Clinical Research Associate,Parexel,서울,"Your time here At Parexel, the CRA role offers the opportunity to go beyond the role of a typical clinical monitor. CRA...",
https://kr.indeed.com/jobs?q=go&vjk=29be4f3fda6b249b,[해외취업] GA 헤어 제품 전문 제조 유통업체 경영사무 파트,해외인턴쉽교류센터,서울 여의도,"요건 - Open minded and willing to learn - Cheerful, outgoing and go-getter personality - Bi-lingual (above conversational level...",
https://kr.indeed.com/jobs?q=go&vjk=49288f4c2ecea4b5,외국계 광고대행사 - Digital Marketing Manager,마케팅커뮤니케이션즈코리아,서울 강남구,efficiently and Land successful campaigns.• Support the Go To Market & Monitor digital marketing activities in relation...,
https://kr.indeed.com/jobs?q=go&vjk=f135befed6fe3580,Software Engineering on HANA Cloud,SAP,서울,"Git/Gerrit, Linux, and programming languages... Python, Go, Javascript, etc. Experiences as a database quality engineer...",
https://kr.indeed.com/jobs?q=go&vjk=5630b41a4ef05817,Gunsmith II,ASO,대한민국,"Alaska Native Corporation (ANC), 100% of our company’s profits go back to our 14,300 Iñupiat shareholders that have resided...",
https://kr.indeed.com/jobs?q=go&vjk=a5c489cddcd4143e,Solutions Architect,Akamai,서울,"Owning all technical aspects of delivery (e.g. design, test, go-live) of media, web and security solutions Being a proactive...",
https://kr.indeed.com/jobs?q=go&vjk=c4e70a5a5414dc63,"Manager, E-Commerce",Newell Brands,서울,agility capabilities. Job Duities: Build and implement the go-to-market strategy by category for Korea – Collaborates...,
https://kr.indeed.com/jobs?q=go&vjk=cfaf3edafc004858,"Consumer Channel Marketing Lead, Korea",Microsoft,서울,articulated around 3 goals: win... home... go compelling experiences for consumers through intelligent edge...,
https://kr.indeed.com/jobs?q=go&vjk=59f90f8fe118850d,Regional Sales Manager,Synopsys,경기도 성남,"Responsibilities: Territory identification and research, go to market territory strategy and create qualified target account...",
https://kr.indeed.com/jobs?q=go&vjk=14c6e7b091b70fb0,"Assistant Category Manager, Personal Car...",Dyson,서울,"Collaborate with internal and external partners to execute go-to-market strategies, ongoing support and plans including new...",
https://kr.indeed.com/jobs?q=go&vjk=3d8c890cd0f75b23,Field Code Scanning Architect,Github,서울,"do so Willing to go the extra mile... TypeScript, Python, Haskell, Ruby and Go. Experience with relational databases...",
https://kr.indeed.com/jobs?q=go&vjk=09548d11f4b50433,Facial Therapist,AESOP Corporate,서울,"understanding through constructive debate. Excellence We go beyond what is expected, seeking to have a broader and longer...",
https://kr.indeed.com/jobs?q=go&vjk=5d0ef9b5f9746e74,BootStack APAC Engineering Manager,Canonical - Jobs,서울,"experience of either software delivery using Python, Go, C, C++, Java, or similar... managing operations teams...",
https://kr.indeed.com/jobs?q=go&vjk=47925874c681eb4b,민트팟 VR앱/웹 서비스기획 경력,민트팟,서울 서초구,"가능! 간식 제공: 일하다 출출할 땐 눈치 보지 말고 민트팟 간식 창고로 Go Go! 조기 퇴근: ""일이 생겨 빨리 들어가 봐야할 거 같아요!"" 그렇다면 조기 퇴근 신청으로 Go! 모집분야: VR앱/웹 서비스 기획자(경력 3...",
https://kr.indeed.com/jobs?q=go&vjk=fe8c624168faae65,Track Mechanic,ASO,대한민국,"Alaska Native Corporation (ANC), 100% of our company’s profits go back to our 14,300 Iñupiat shareholders that have resided...",
https://kr.indeed.com/jobs?q=go&vjk=5b0e06aa4791f041,민트팟 앱/웹 서비스 기획 경력직,민트팟,서울 서초구,"8. 간식 제공: 일하다 출출할 땐 눈치 보지 말고 민트팟 간식 창고로 Go Go! 9. 조기 퇴근: ""일이 생겨 빨리 들어가 봐야할 거 같아요!"" 그렇다면 조기 퇴근 신청으로 Go! 10. 신규직원 Welcome Box...",
https://kr.indeed.com/jobs?q=go&vjk=659eca74a23bc952,Client Protection Associate (Hong Kong >...,AlphaSights,서울,right thing to do... vital to driving progress. We go the extra mile to build teams of people with diverse backgrounds...,
https://kr.indeed.com/jobs?q=go&vjk=33a10ce6ccca7e04,product offering manager,IQVIA,서울,"capabilities internally as well as externally GO-To-Market Supports Go-to-Market team client interactions, including...",
https://kr.indeed.com/jobs?q=go&vjk=82103d939b796aa7,ISV Success Manager,Amazon Web Services Korea LLC,서울,"drive joint GTM ( Go-To-Market) and Sell... partner and customer success... Go To"" resource for ensuring key high...",
https://kr.indeed.com/jobs?q=go&vjk=91039e7f2e6eb3a6,Director of Nike Direct Digital Commerce...,Nike,서울,"sport and lifestyle brand... experienced team leaders and go-getters; curious and eager to innovate, to test & fail...",
https://kr.indeed.com/jobs?q=go&vjk=ec6aac7c2bf8048c,Product Marketing Manager,Cognex Corporation,서울,"strategic market analysis, product line responsibility, and go-to-market support to our global sales team. Since our customer...",
https://kr.indeed.com/jobs?q=go&vjk=aec461f105d1cb32,"Sr. Containers Specialist, Korea",Amazon Web Services Korea LLC,서울,Container Services Go-To-Market (GTM... verticals we target. · Set a strategic Go-To-Market plan for target market segments...,
https://kr.indeed.com/jobs?q=go&vjk=b45320fd74a51be5,Product Manager for Medical Display,Advantech,서울,owner in responsibility of product roadmap planning and go-to-market strategy •Manage New Product Development Process...,
https://kr.indeed.com/jobs?q=go&vjk=9724fddd4ae7b16a,Commercial Sales Senior Representative,SAP,서울,carrier Knowing or having successful experience in multi-channel go to market models Knowledge and understanding of Indirect...,
https://kr.indeed.com/jobs?q=go&vjk=15e5d0bda9676fde,Fragrance Marketing Manager,Shiseido International France,서울,results in a fast-paced environment Confident and go-getter under pressure Comfortable in public speech & presentation...,
https://kr.indeed.com/jobs?q=go&vjk=f837dc18688a1d0f,[PUBG: NEW STATE] Data Engineer,PUBG,서울,"자격 요건 관련 경력 2년 이상 전산학 관련 이해 혹은 관련 분야 전공자 Python, Scala, 또는 Go 프로그래밍 언어 중 하나 이상의 언어를 능숙하게 사용할 줄 아시는 분 Hadoop EcoSystem(Hadoop...",
https://kr.indeed.com/jobs?q=go&vjk=f24e9df35ada830d,Heavy Wheel Mechanic,ASO,대한민국,"Alaska Native Corporation (ANC), 100% of our company’s profits go back to our 14,300 Iñupiat shareholders that have resided...",
https://kr.indeed.com/jobs?q=go&vjk=fc0af609c81440d0,Solutions Architect II - AMAZON Web Serv...,Amazon Web Services Korea LLC,서울,"flexible pay-as-you- go model frees our... highly ambiguous customer requirements, go beyond the immediately stated needs...",
https://kr.indeed.com/jobs?q=go&vjk=afe699094b54dbb7,(Assistant)Store Manager/staff 채용,라이카카메라,서울 중구,"products... hand’ in store, minimising the need to go... stockroom when serving a client. 3. Instore CRM...",
https://kr.indeed.com/jobs?q=go&vjk=6fe5311eacbea17a,데이터 인프라 담당자 모집,카카오,성남 판교역,"업무 경험 보유자 하둡 에코시스템 기반 대용량 데이터의 수집, 가공이 가능한 분 Java, python, go, bash 등 언어 중 하나 이상 활용 가능하신 분 #우대사항 데이터 분석가, 머신러닝 전문가와 협업 경험이...",
https://kr.indeed.com/jobs?q=go&vjk=d8b341c63c65093f,Engineering Technologist – EDA data stor...,Dell Technologies,서울,"API integration with EDA applications, sales enablement planning, and go-to-market planning. Work with Marketing to publish...",
https://kr.indeed.com/jobs?q=go&vjk=b1e62f403a9630d2,Field Application Scientist (Immunoassay...,Merck KGaA Darmstadt Germany,서울,customers... optimization... work... technical go... customers and internal sales organisation. Review...,
https://kr.indeed.com/jobs?q=go&vjk=2d03a8e00016009c,[NAVER Cloud] 네이버클라우드 빅데이터플랫폼 상품개발 경력사원,네이버,서울,"데이터플랫폼 상품 개발 및 운영 [지원자격/ 필요역량] - 백엔드 개발 경력 2년 이상 - Java,Python, Go 중 한가지 언어를 능숙하게 사용할 수 있으신분 - Hadoop 및 Hadoop ecosystem(Hive...",
https://kr.indeed.com/jobs?q=go&vjk=8d3779495965701b,[경력직] 미들웨어/PasS 엔지니어 채용,에이치알 코리아,서울,"Kubernetes, Ansible) - 컨테이너 적용 및 개발자 - 오픈스택, ceph 경험자 - python, go 개발경험과 Ansible 경험자 근무조건 격주 4일 근무제(금요일 격주휴무) 월요일 10시-18시 / 화...",
https://kr.indeed.com/jobs?q=go&vjk=f2505aaf805c0757,"Customer Engineering, Infrastructure Mod...",Google,서울,sophisticated set of technical competences. Manage the Go-to-Market strategy from technical perspective. Craft the strategy...,
https://kr.indeed.com/jobs?q=go&vjk=43f8edb38c7888c7,위메프오 서버개발자(정규직),위메프,대한민국,"로모션 시스템 개발 - 데이터베이스 분산설계 및 미들웨어 개발 [자격사항] - 서버 프로그래밍 언어(PHP, Go, C/C++, Python, Java) 중 1개 이상 사용이 가능한 분 - 자료구조, 알고리즘, 분산처리 등...",
https://kr.indeed.com/jobs?q=go&vjk=534e1af6fa6c89a0,R&D Technologist - Homecare & Hygiene,Unilever,대한민국,"Difference’. We work... fully independent yet fully integrated Go-To-Market with various MCOs through hubs in US, Europe...",
https://kr.indeed.com/jobs?q=go&vjk=b8fe687dd97d85f2,"Agency Manager, Mid Market",Criteo,서울,internally to all parties involved and being the client’s “ Go-To” person for any questions. You will monitor and optimize...,
https://kr.indeed.com/jobs?q=go&vjk=2612844a2670e1d4,"Senior FP&A Manager, Korea & Japan",Blizzard Entertainment,서울,new products Manage controllable costs and drive efficiency in Go to Market operations for Korea and Japan Lead Korea & Japan...,
https://kr.indeed.com/jobs?q=go&vjk=1fe42f7bb2cb277c,Product Manager for Medical Display,Advantech Europe BV,서울,owner in responsibility of product roadmap planning and go-to-market strategy •Manage New Product Development Process...,
https://kr.indeed.com/jobs?q=go&vjk=4d4d40836ae36897,Partnership Development Manager,Infobip,서울,its progress in your dedicated region. Learning – Our employees go through an extensive training period... considered...,
https://kr.indeed.com/jobs?q=go&vjk=65a0d4cfbb6f9ad4,"Partner Solutions ISV Specialist, Google...",Google,서울,Experience in developing and delivering go-to-market offerings that leverage multi... delivering complex go-to-market solutions...,
https://kr.indeed.com/jobs?q=go&vjk=9383b1846a0fd229,[NAVER Cloud] MYBOX 서버 개발 경력사원,네이버,서울,"웹 / 모바일 서비스의 일반적인 아키텍쳐에 대한 이해 및 RESTful API 설계 역량 - Java, Go, C++ 중 하나 이상의 개발 환경 사용 - Spring Framework의 개념과 구조에 대한 이해 (Java...",
https://kr.indeed.com/jobs?q=go&vjk=6351d8653620013d,Junior Sales and Operations Manager,Port Remote,성남 분당구,through a live video call. You instruct the guide where to go and what to do. See www.theportapp.com for more info. We...,"월급 2,000,000원 - 3,000,000원"
https://kr.indeed.com/jobs?q=go&vjk=54b80a82f83500b1,Global Strategic Partner Development Man...,Google,서울,"Android Mobile - Business, Growth, and Go-to-Market team's goal... help grow... key OEMs through Go-To-Market strategy...",
https://kr.indeed.com/jobs?q=go&vjk=44067fcfbda3111e,"Manager Ethics & Compliance, Korea Seoul...",Philip Morris International,서울,"10, Gukjegeumyung-ro, Yeongdeungpo-gu, Seoul, Korea HOW TO APPLY • Go PMI career site... pmi.com/careers"" and set ‘South...",
https://kr.indeed.com/jobs?q=go&vjk=f8fe564e33507d45,Technical Sales Consultant (serve Korea...,Dassault Systèmes,서울,"deal size, accelerate deal signature and secures successful go-live. Able to articulate the overall 3DEXPERIENCE platform...",
https://kr.indeed.com/jobs?q=go&vjk=421d62a69d51f762,Sr. Portfolio Manager,Sandoz,서울,together with product managers - Challenging and steering go to market models in Korea specific landscape * Market access...,
https://kr.indeed.com/jobs?q=go&vjk=fbdbc34ced6c368a,Senior Panel Adminstrator,KANTAR,서울,"We go beyond the obvious, using intelligence, passion and creativity to inspire new thinking and shape the world we live...",
https://kr.indeed.com/jobs?q=go&vjk=b88805fb41196795,민트팟 앱/웹 서비스 기획자 경력,민트팟,서울 서초구,"7. 간식 제공: 일하다 출출할 땐 눈치 보지 말고 민트팟 간식 창고로 Go Go! 8. 조기 퇴근: ""일이 생겨 빨리 들어가 봐야할 거 같아요!"" 그렇다면 조기 퇴근 신청으로 Go! 9. 신규직원 Welcome Box 제공...",
https://kr.indeed.com/jobs?q=go&vjk=77dfad5a778a94c2,Senior Data Scientist,Boston Consulting Group,서울,"York, Paris, Stockholm, Peru… Make sure your passport is ready to go! WHO YOU ARE. YOU: Have deep technical and Data Science...",
https://kr.indeed.com/jobs?q=go&vjk=825129b5b7d53a8c,Global Account Manager - 5G / IoT / MEC,Palo Alto Networks,서울,responsible for constructing and executing strategic account go-to-market sales plans. Your Impact... role represents...,
https://kr.indeed.com/jobs?q=go&vjk=cfa27d5ee81bcb43,"Director, Money Movement, Korea & Mongol...",Visa,서울,"Korea’s move money operating plan, as well as setting Go-to-market strategy... overall “money movement” business...",
https://kr.indeed.com/jobs?q=go&vjk=a932acf44e28b66d,Sr Technical / Product Marketing Enginee...,Qorvo,서울,"player in Qorvo UWB organization for new product launches... go-to-market in Korea, accompanying the related activities...",
https://kr.indeed.com/jobs?q=go&vjk=48c0eba21352fa08,Partner Sales Manager,Dynatrace,서울,business and align Dynatrace solutions to develop compelling ‘ go to market’ propositions Qualify new Partners and demonstrate...,
https://kr.indeed.com/jobs?q=go&vjk=3d678bf37ef6b4a4,게임 서버 프로그래밍,Nexon,성남 분당구,"지원자격 - 한 가지 이상의 개발 언어(Python, C++, C#, Go 등)에 숙련된 프로그래밍 능력 - RESTful API 및 TCP/UDP... 하신 분: AWS (ECS), Go, Redis, Elasticsearch...",
